hippo_id,smiles,inchikey,required_amount_mg,num_poses,poses,tags,num_routes,num_reaction_steps,reaction_dependencies,reactant_dependencies,route_ids,chemistry_types,is_scaffold,scaffold_series,inspirations
73,COCC(=O)N1CCCC(C(N)=O)C1,VINVRWFILPAKSR-UHFFFAOYSA-N,1,4,"{216, 110209, 91, 110208}","['Syndirella scaffold', 'template: A0926a', 'hits', 'exact_hits_aug_2024']",1,{1},[60531],"{62340, 62341}",[1],Amidation,True,[73],A0926a
91,Cc1nn(C)c(C)c1CC(=O)NC(CNC(=O)CCl)c1ccc2ccccc2c1,BKBFLODZEQEWBQ-UHFFFAOYSA-N,1,4,"{115, 109262, 109261, 214}","['Syndirella scaffold', 'hits', 'template: A1346a', 'exact_hits_aug_2024']",1,{1},[60200],"{18682, 253}",[2],Amidation,True,[91],A1346a
92,COc1cc(NC(=O)CC(C)C(F)(F)F)n(C)n1,NZVJBVJDSSUPIL-UHFFFAOYSA-N,1,5,"{109577, 109578, 116, 117, 215}","['Syndirella scaffold', 'hits', 'template: A1445a', 'exact_hits_aug_2024']",1,{1},[60283],"{61981, 61982}",[3],Amidation,True,[92],A1445a
93,CCOc1ccc(C(=O)CC)cc1,XZJXCESWBMDSBO-UHFFFAOYSA-N,1,5,"{141617, 118, 118487, 217, 150911}","['Syndirella scaffold', 'template: A1775a', 'hits', 'covalent_analogues_aug_2024']",1,{1},[62565],"{64552, 64553}",[4],Williamson_ether_synthesis,False,"[240, 241]",A1775a
139,Cc1nn(C)c(C)c1CC(=O)NC(CNC(=O)CN)c1ccc2ccccc2c1,DQWUNIXDDNPLQU-UHFFFAOYSA-N,1,3,"{168, 31134, 31135}","['Syndirella scaffold', 'template: A1346a', 'x1346_manual_analogues_aug_2024']",1,{1},[18050],"{18681, 18682}",[13],Amidation,True,[139],A1346a
171,N#CCC(=O)Nc1ccc(C(N)=O)nc1,YOZGXEFFSUYIHZ-UHFFFAOYSA-N,1,2,"{78820, 197}","['Syndirella scaffold', 'knitwork_june_2024', 'template: A0310a']",1,{1},[43471],"{45398, 45399}",[35],Amidation,True,[171],"A0556a, A0310a"
181,Cc1ccc(CNc2ccc(N3CCNC(=O)C3)cn2)cc1C,AOLHRJZGGWAHNY-UHFFFAOYSA-N,1,2,"{235, 26579}","['Syndirella scaffold', 'knitwork_june_2024', 'template: A0310a']",1,{1},[15545],"{15992, 15993}",[36],Reductive_amination,True,[181],"A0528a, A0365a"
182,O=C1NCCC1C(=O)N1CCCC(NCc2ccccc2)C1,HOWRLYKLFLMWBY-UHFFFAOYSA-N,1,6,"{236, 237, 238, 32879, 239, 32880}","['Syndirella scaffold', 'knitwork_june_2024', 'template: A0310a']",1,{1},[18632],"{19836, 19837}",[37],Amidation,True,[182],"A0528a, A0365a"
183,O=C1NCCN1c1ccc(NCc2ccc(C(F)(F)F)cc2)cc1,ZGAPODHVEGIIKR-UHFFFAOYSA-N,1,2,"{240, 35592}","['Syndirella scaffold', 'knitwork_june_2024', 'template: A0310a']",1,{1},[19078],"{20504, 20503}",[38],Buchwald-Hartwig_amination,True,[183],"A0528a, A0365a"
184,O=C1NCCN1c1ccc(NCc2cccc(F)c2)cc1,KKHICEOOLIHEJQ-UHFFFAOYSA-N,1,2,"{241, 46157}","['Syndirella scaffold', 'knitwork_june_2024', 'template: A0310a']",1,{1},[24566],"{25969, 20503}",[39],Buchwald-Hartwig_amination,True,[184],"A0528a, A0365a"
185,CSc1cccc(CNc2ccc(N3CCNC(=O)C3)cn2)c1,AKBIFIUVGFTRED-UHFFFAOYSA-N,1,2,"{242, 48855}","['Syndirella scaffold', 'knitwork_june_2024', 'template: A0310a']",1,{1},[26583],"{15993, 28003}",[40],Reductive_amination,True,[185],"A0528a, A0365a"
186,Cn1nc(C2CCOCC2)cc1C(=O)OCC1CNC(=O)C1,VGTICCPOHXQQKL-UHFFFAOYSA-N,1,2,"{243, 244}","['Syndirella scaffold', 'knitwork_june_2024', 'template: A0310a']",1,{1},[29002],"{30521, 30522}",[41],Steglich_esterification,True,[186],"A0528a, A0365a"
187,NCc1ccc(C(=O)Nc2c[nH]c3ccccc23)cc1,XTQDUNSPBPDCKJ-UHFFFAOYSA-N,1,2,"{245, 62373}","['Syndirella scaffold', 'knitwork_june_2024', 'template: A0310a']",1,{1},[33427],"{34852, 34853}",[42],Amidation,True,[187],"A0566a, A0365a"
191,COc1cncc(CCC(=O)NC2CCNC2=O)c1,UMHURAQUKMFEOS-UHFFFAOYSA-N,1,2,"{246, 247}","['Syndirella scaffold', 'knitwork_june_2024', 'template: A0310a']",1,{1},[40386],"{42009, 42010}",[43],Amidation,True,[191],"A0515a, A0528a"
192,O=C(OCC1CCCNC1=O)c1ccncc1F,NKHJVGNWKQVXFO-UHFFFAOYSA-N,1,2,"{248, 75020}","['Syndirella scaffold', 'knitwork_june_2024', 'template: A0310a']",1,{1},[41665],"{43441, 43442}",[44],Steglich_esterification,True,[192],"A0515a, A0528a"
194,CCC1CC(NC(=O)c2ccc(NC(=O)C(C)(C)C)nc2)C1,MEWGRUZWHVKYDS-UHFFFAOYSA-N,1,2,"{251, 102019}","['Syndirella scaffold', 'knitwork_june_2024', 'template: A0310a']",1,{1},[57681],"{59145, 52450}",[45],Amidation,True,[194],"A0556a, A0310a"
195,CCOC(=O)c1cc(NC(=O)CC#N)n(C)n1,AJVIKZPIPBHAKY-UHFFFAOYSA-N,1,2,"{252, 85157}","['Syndirella scaffold', 'knitwork_june_2024', 'template: A0310a']",1,{1},[47240],"{49345, 45398}",[46],Amidation,True,[195],"A0556a, A0310a"
196,CC(C)(C)C(=O)Nc1ccc(C(=O)NC2(C(F)F)CCC2)cn1,FLWASAJBVPBCFC-UHFFFAOYSA-N,1,2,"{91132, 253}","['Syndirella scaffold', 'knitwork_june_2024', 'template: A0310a']",1,{1},[50255],"{52450, 52451}",[47],Amidation,True,[196],"A0556a, A0310a"
197,CCCC(=O)NC1CCN(C(=O)NC2CC(CC#N)C2)CC1,ADKGLDCQLGUTAN-UHFFFAOYSA-N,1,2,"{105218, 254}","['Syndirella scaffold', 'knitwork_june_2024', 'template: A0310a']",1,{1},[59178],"{60731, 59381}",[48],Formation_of_urea_from_two_amines,True,[197],"A0556a, A0310a"
198,NC(=O)c1cc(NC(=O)C23CCC(CO2)C3)[nH]n1,IXJHDOWQFHNIPX-UHFFFAOYSA-N,1,2,"{256, 255}","['Syndirella scaffold', 'knitwork_june_2024', 'template: A0310a']",1,{1},[112275],"{113536, 113535}",[49],Amidation,True,[198],"A0528a, A0556a"
199,O=C(NC1CC(C(F)(F)F)C1)c1cc2ccsc2[nH]1,VKQJXGLAYUFNNG-UHFFFAOYSA-N,1,2,"{257, 182468}","['Syndirella scaffold', 'knitwork_june_2024', 'template: A0310a']",1,{1},[107151],"{108217, 108218}",[50],Amidation,True,[199],"A0556a, A0566a"
204,CC1(NC(=O)Nc2ccccc2CS(N)(=O)=O)CCC1,QCDPODCBNROZRQ-UHFFFAOYSA-N,1,2,"{134066, 258}","['Syndirella scaffold', 'knitwork_june_2024', 'template: A0310a']",1,{1},[74339],"{76421, 76422}",[52],Formation_of_urea_from_two_amines,True,[204],"A0719a, A0884a"
211,O=C1CCCN1c1ccc(NCc2cccc(F)c2)nc1,LOFPJTBPHYUPTQ-UHFFFAOYSA-N,1,2,"{196616, 260}","['Syndirella scaffold', 'knitwork_june_2024', 'template: A0310a']",1,{1},[115479],"{116906, 116907}",[54],Reductive_amination,True,[211],"A0528a, A0365a"
236,CCOc1ccc(C(=O)CCl)cc1,ZYLJLWLQPBRDLN-UHFFFAOYSA-N,1,4,"{127321, 150946, 221, 141609}","['Syndirella scaffold', 'template: A1775a', 'covalent_analogues_aug_2024']",1,{1},[69915],"{64552, 71708}",[56],Williamson_ether_synthesis,False,"[240, 241]",A1775a
240,CCOc1ccc(C(C)=O)cc1,YJFNFQHMQJCPRG-UHFFFAOYSA-N,1,3,"{150492, 227, 141580}","['Syndirella scaffold', 'template: A1775a', 'covalent_analogues_aug_2024']",1,{1},[79783],"{64552, 82226}",[60],Williamson_ether_synthesis,False,[241],A1775a
242,CC(=O)Nc1ccc(C(C)=O)cc1,WECHHDJTILFYQT-UHFFFAOYSA-N,1,3,"{158705, 167354, 229}","['Syndirella scaffold', 'covalent_analogues_aug_2024', 'template: A1776a']",1,{1},[92314],"{93187, 71591}",[63],Amidation,False,[243],A1776a
243,CC(=O)Nc1ccc(C=O)cc1,SKLUWKYNZNXSLX-UHFFFAOYSA-N,1,2,"{230, 167343}","['Syndirella scaffold', 'covalent_analogues_aug_2024', 'template: A1776a']",1,{1},[98647],"{99613, 71591}",[64],Amidation,True,[243],A1776a
16058,Cc1cc(CNc2ccc(N3CCNC(=O)C3)cn2)cc(Br)c1C,RKFKTOPURZTVOO-UHFFFAOYSA-N,1,1,{26618},[],1,{1},[15577],"{15993, 16057}",[10647],Reductive_amination,False,[181],"A0528a, A0365a"
18951,Cc1nn(C)c(C)c1CC(=O)NC(CNC(=O)C(N)CN=[N+]=[N-])c1ccc2ccccc2c1,ZMTBJGRDILAGJL-UHFFFAOYSA-N,1,4,"{31618, 31619, 31620, 31621}",[],1,{1},[18185],"{18682, 18950}",[13254],Amidation,False,[139],A1346a
20444,CCC1(C(=O)N2CCCC(NCc3ccccc3)C2)CCNC1=O,MYWCACHSFGNPKZ-UHFFFAOYSA-N,1,4,"{35316, 35317, 35318, 35319}",[],1,{1},[19035],"{20437, 19837}",[14103],Amidation,False,[182],"A0528a, A0365a"
20840,O=C1NCCN1c1ccc(NCc2c(F)cc(C(F)(F)F)cc2F)cc1,XUIDALCITPTYNC-UHFFFAOYSA-N,1,1,{35891},[],1,{1},[19331],"{20839, 20503}",[14398],Buchwald-Hartwig_amination,False,[183],"A0528a, A0365a"
24125,O=C(CO)Nc1cncc(CC(=O)N2CCN(C(=O)CCl)C(c3cccnc3)C2)c1,GLAVLZCLANXGGX-UHFFFAOYSA-N,1,2,"{41197, 41198}",[],1,{3},"[8785, 21801, 22647]","{6000, 22817, 253, 254}",[17621],"Amidation, Buchwald-Hartwig_amidation_with_amide-like_nucleophile",False,[143],A1346a
27154,O=C1NC(=O)N(c2ccc(NCc3cccc(F)c3F)cc2)C1=O,NAABGMUKYJKHRZ-UHFFFAOYSA-N,1,1,{47733},[],1,{1},[25717],"{20844, 25999}",[20694],Buchwald-Hartwig_amination,False,[184],"A0528a, A0365a"
28087,CSc1cccc(CNc2ccc(N3CCN(C)C(=O)C3)cn2)c1,UXHPYTOICLLREQ-UHFFFAOYSA-N,1,1,{48908},[],1,{1},[26628],"{28003, 16031}",[21591],Reductive_amination,False,[185],"A0528a, A0365a"
30787,Cn1nc(C2CCOCC2)cc1C(=O)OCC1CC(=O)N(C2CC2)C1,JFUVBYXPIXQBIY-UHFFFAOYSA-N,1,1,{54238},[],1,{1},[29199],"{30521, 30786}",[24161],Steglich_esterification,False,[186],"A0528a, A0365a"
36938,Cc1cc(C(N)=O)ccc1C(=O)Nc1c[nH]c2ccc(F)cc12,XHAXHLPHJNHAKA-UHFFFAOYSA-N,1,1,{64502},[],1,{1},[35332],"{35960, 34967}",[33178],Amidation,False,[187],"A0566a, A0365a"
42052,COc1cncc(CCC(=O)NC2CC(=O)NC2=O)c1,ZBZNFNOVDDHGSK-UHFFFAOYSA-N,1,2,"{70126, 70127}",[],1,{1},[40407],"{42009, 42051}",[38252],Amidation,False,[191],"A0515a, A0528a"
43476,O=C(OCC1CCCNC1=O)c1ccnc(Br)c1F,GTCGCXNHPFESGP-UHFFFAOYSA-N,1,2,"{75040, 75039}",[],1,{1},[41682],"{43442, 43475}",[39526],Steglich_esterification,False,[192],"A0515a, A0528a"
48257,CN(C)C(=O)c1ccc(NC(=O)C(C#N)=NO)cn1,UHJSZFRUCMQUPE-UHFFFAOYSA-N,1,2,"{83179, 83180}",[],1,{1},[46156],"{45694, 45599}",[43999],Amidation,False,[171],"A0556a, A0310a"
51466,CCOC(=O)c1nn(C)c(NC(=O)C(C#N)(CC)CC)c1Br,YJRRPOSDDBJSEF-UHFFFAOYSA-N,1,1,{89006},[],1,{1},[49280],"{49356, 47381}",[47122],Amidation,False,[195],"A0556a, A0310a"
52536,CC(C)(C)C(=O)Nc1ccc(C(=O)NC2(C(C)(F)F)CCC2)cn1,YOJPBMZLFFVTSN-UHFFFAOYSA-N,1,0,set(),[],1,{1},[50305],"{52450, 52471}",[48146],Amidation,False,[196],"A0556a, A0310a"
59328,CC(C)(C)C(=O)Nc1ccc(C(=O)NC2CC3(CCC3)C2)cn1,BWDBZUCJCCRWLX-UHFFFAOYSA-N,1,0,set(),[],1,{1},[57817],"{52450, 59327}",[78323],Amidation,False,[194],"A0556a, A0310a"
60964,N#CCC1CC(NC(=O)N2CCC(N3C(=O)CCC3=O)CC2)C1,IYMYWPRHFTWNME-UHFFFAOYSA-N,1,1,{105771},[],1,{1},[59326],"{60884, 59381}",[79831],Formation_of_urea_from_two_amines,False,[197],"A0556a, A0310a"
61931,CC(=O)C1CC1(Cl)C(=O)NCC(NC(=O)Cc1c(C)nn(C)c1C)c1ccc2ccccc2c1,IPCGSPWUHYDDIL-UHFFFAOYSA-N,1,8,"{109408, 109409, 109402, 109403, 109404, 109405, 109406, 109407}",[],1,{1},[60242],"{2330, 18682}",[80746],Amidation,False,[91],A1346a
62013,COc1cc(NC(=O)CC(C(=O)O)C(F)(F)F)n(C)n1,CSKHNYXMPHNKNH-UHFFFAOYSA-N,1,2,"{109624, 109623}",[],1,{1},[60299],"{62011, 61982}",[80802],Amidation,False,[92],A1445a
63153,O=C1NCC2CCN(C(=O)C3C=CCO3)CC12,OWRBCBDHUVBTFO-UHFFFAOYSA-N,1,8,"{112928, 112929, 112922, 112923, 112924, 112925, 112926, 112927}",[],1,{1},[61217],"{62610, 62359}",[81719],Amidation,False,[73],A0926a
65879,CCC(=O)c1ccc(OCCCN)c(Cl)c1,GRHYVZGXRSPKJK-UHFFFAOYSA-N,1,2,"{119925, 148231}",[],1,{1},[63843],"{64566, 64991}",[84380],Williamson_ether_synthesis,False,"[93, 240]",A1775a
64593,O=CCOc1ccc2c(c1)CCC2=O,PQQSNMCRSFPZML-UHFFFAOYSA-N,1,3,"{141763, 153596, 118509}",[],1,{1},[87917],"{64585, 87379}",[83095],Williamson_ether_synthesis,False,"[93, 240, 241]",A1775a
70277,N#CCCOc1ccc2c(c1)CCCCC2=O,UIJWFKGEOHDYTR-UHFFFAOYSA-N,1,1,{125500},[],1,{1},[68497],"{65104, 65153}",[89068],Williamson_ether_synthesis,False,[93],A1775a
71762,C=C(CI)Oc1ccc(C(=O)CCl)cc1,VLMBGEYNBGZYLX-UHFFFAOYSA-N,1,3,"{127373, 142213, 156951}",[],1,{1},[70083],"{65121, 71708}",[90517],Williamson_ether_synthesis,False,"[236, 240, 241]",A1775a
72328,CC=CCOc1ccc(C(=O)CCl)cc1O,VGNBMMXGRVEUEV-UHFFFAOYSA-N,1,2,"{128024, 148699}",[],1,{1},[70571],"{71715, 65269}",[91127],Williamson_ether_synthesis,False,"[236, 240]",A1775a
72519,COCCCOc1ccc(C(=O)CCl)c(O)c1,YDUSKZOHYJFZNV-UHFFFAOYSA-N,1,1,{128277},[],1,{1},[70763],"{71712, 66378}",[91338],Williamson_ether_synthesis,False,[236],A1775a
75621,O=C1C(Cl)=C(Cl)C(=O)c2cc(NC(=O)C3CCCS3)ccc21,QWQQNSFHSBVESP-UHFFFAOYSA-N,1,2,"{132042, 132043}",[],1,{1},[73540],"{74585, 75067}",[94091],Amidation,False,[237],A1776a
76356,CC(O)C(F)C(=O)N1CCC(C(=O)c2ccc3c(c2)CC(=O)N3)CC1,PUNHBLIXSHQSQV-UHFFFAOYSA-N,1,3,"{178354, 178355, 133991}",[],1,{1},[74274],"{76099, 74532}",[94824],Amidation,False,"[95, 244]",A1778a
76352,CC[S+]([O-])CC(=O)N1CCC(C(=O)c2ccc3c(c2)CC(=O)N3)CC1,AFEQVLGRVAQILK-UHFFFAOYSA-N,1,1,{133987},[],1,{1},[74270],"{76099, 74436}",[94820],Amidation,False,[95],A1778a
76254,C=C(Cl)C(=O)N1CCC(C(=O)c2ccc3c(c2)CC(=O)N3)CC1,KGBVVWICIGVOAB-UHFFFAOYSA-N,1,2,"{182172, 133878}",[],1,{1},[74172],"{76099, 283}",[94722],Amidation,False,"[95, 245]",A1778a
76319,NC(CCl)C(=O)N1CCC(C(=O)c2ccc3c(c2)CC(=O)N3)CC1,HNUGGDDOKSTSTE-UHFFFAOYSA-N,1,5,"{133952, 182385, 182386, 178329, 133951}",[],1,{1},[74237],"{76099, 18700}",[94787],Amidation,False,"[95, 244, 245]",A1778a
76927,C=CCC1(NC(=O)Nc2ccccc2CS(N)(=O)=O)CCC1,NCIGQLWICNIMFU-UHFFFAOYSA-N,1,1,{134634},[],1,{1},[74771],"{76421, 76926}",[95320],Formation_of_urea_from_two_amines,False,[204],"A0719a, A0884a"
82720,C#CCCOc1ccc(C(C)=O)cc1N,GEDCRZKRICVTNN-UHFFFAOYSA-N,1,1,{142131},[],1,{1},[80257],"{82251, 65302}",[101076],Williamson_ether_synthesis,False,[240],A1775a
82357,CC(=O)c1ccc(OCCCl)c(F)c1,DXPUIBMQECWLJL-UHFFFAOYSA-N,1,2,"{141708, 153645}",[],1,{1},[87993],"{87373, 82255}",[100554],Williamson_ether_synthesis,False,"[240, 241]",A1775a
90928,N#CCOc1c(Cl)cc(C=O)cc1Br,KEVNXRPRETYUJS-UHFFFAOYSA-N,1,1,{155057},[],1,{1},[89444],"{88013, 87381}",[110034],Williamson_ether_synthesis,False,[241],A1775a
95794,CC(=O)c1ccc(NC(=O)C2CNC2)cc1Cl,UFGVHQYSLOSSJS-UHFFFAOYSA-N,1,2,"{161956, 175949}",[],1,{1},[94842],"{93217, 71686}",[115330],Amidation,False,"[242, 243]",A1776a
93322,CC(=O)Nc1c(Cl)cc(C(C)=O)cc1Cl,OUDPMDTVFKSWPQ-UHFFFAOYSA-N,1,1,{158821},[],1,{1},[92419],"{93321, 71591}",[112907],Amidation,False,[242],A1776a
103509,NC(=O)C(=O)N(N)c1ccc(C(N)=O)cc1,HVJGMTKCDNKPNS-UHFFFAOYSA-N,1,1,{173301},[],1,{1},[102467],"{99650, 3103}",[122953],Amidation,False,[243],A1776a
105810,CC(C#N)C(=O)N1CCC(C(=O)c2ccc3c(c2)CC(=O)N3)CC1,GXGCYYVZROHTED-UHFFFAOYSA-N,1,2,"{182421, 178319}",[],1,{1},[104768],"{76099, 45412}",[125253],Amidation,False,"[244, 245]","A1776a, A1778a"
105817,O=C1Cc2cc(C(=O)C3CCN(C(=O)CCCF)CC3)ccc2N1,SCZWTBNKISDUDG-UHFFFAOYSA-N,1,1,{178337},[],1,{1},[104775],"{76099, 74423}",[125260],Amidation,False,[244],"A1776a, A1778a"
106294,CN(C)C(=O)c1ccc2c(c1)CCN2C(=O)CCl,IKLARAKZDVECHT-UHFFFAOYSA-N,1,1,{179292},[],1,{1},[105237],"{105900, 253}",[125722],Amidation,False,[245],"A1776a, A1778a"
108403,CC1(NC(=O)c2cc3cc(Br)sc3[nH]2)CC(C(F)(F)F)C1,VYNZFYDRLFTJNW-UHFFFAOYSA-N,1,1,{182771},[],1,{1},[107297],"{108249, 108247}",[127781],Amidation,False,[199],"A0556a, A0566a"
113746,CC12CCC(C(=O)Nc3cc(C(N)=O)n[nH]3)(OC1=O)C2(C)C,QIPNQJPGCBSTHK-UHFFFAOYSA-N,1,2,"{192021, 192022}",[],1,{1},[112417],"{113536, 113745}",[132900],Amidation,False,[198],"A0528a, A0556a"
116950,O=C1CCCN1c1ccc(NCc2cccc(F)c2I)nc1,JKKHIGAQTYEJMW-UHFFFAOYSA-N,1,1,{196642},[],1,{1},[115501],"{116907, 116949}",[135982],Reductive_amination,False,[211],"A0528a, A0365a"
16052,Cc1cc(CNc2ccc(N3CCNC(=O)C3)cn2)ccc1C#N,WFBORCQHONCYCF-UHFFFAOYSA-N,1,1,{26615},[],1,{1},[15574],"{15993, 16051}",[10644],Reductive_amination,False,[181],"A0528a, A0365a"
19759,Cc1nn(C)c(C)c1CC(=O)NC(CNC(=O)C1CCN1C(=O)OC(C)(C)C)c1ccc2ccccc2c1,FQPZYJOZETZJLZ-UHFFFAOYSA-N,1,0,set(),[],1,{1},[18593],"{18682, 19758}",[13662],Amidation,False,[139],A1346a
20014,O=C(NC1CCCN(C(=O)C2CCNC2=O)C1)c1ccccc1,MMFGTXMLRZLZQV-UHFFFAOYSA-N,1,4,"{33561, 33562, 33563, 33564}",[],1,{1},[18742],"{27, 19836}",[13810],Amidation,False,[182],"A0528a, A0365a"
20532,O=C1NCCN1c1ccc(NCc2ccc(C(F)(F)F)c(Cl)c2)cc1,PQWDNHHMWZLDOS-UHFFFAOYSA-N,1,1,{35608},[],1,{1},[19092],"{20531, 20503}",[14159],Buchwald-Hartwig_amination,False,[183],"A0528a, A0365a"
24124,C#CC(=O)Nc1cncc(CC(=O)N2CCN(C(=O)CCl)C(c3cccnc3)C2)c1,HCOXXFALBBSKKJ-UHFFFAOYSA-N,1,2,"{41195, 41196}",[],1,{3},"[8785, 21801, 22646]","{272, 22817, 6000, 253}",[17620],"Amidation, Buchwald-Hartwig_amidation_with_amide-like_nucleophile",False,[143],A1346a
27145,O=C1NC(=O)N(c2ccc(NCc3ccc(Br)c(F)c3)cc2)C1=O,FOPXNWZKLWOLTL-UHFFFAOYSA-N,1,1,{47723},[],1,{1},[25708],"{20844, 26022}",[20685],Buchwald-Hartwig_amination,False,[184],"A0528a, A0365a"
28399,CSc1cccc(C(O)Nc2ccc(N3CCN(C)C(=O)C3)cn2)c1,FTYPJRBQIVHPKF-UHFFFAOYSA-N,1,2,"{49325, 49326}",[],1,{1},[26889],"{28012, 16031}",[21852],Reductive_amination,False,[185],"A0528a, A0365a"
30540,Cn1nc(C2CCOCC2)cc1C(=O)OCC1(C)CNC(=O)C1,FCYZMQLRDGKZHO-UHFFFAOYSA-N,1,2,"{53522, 53523}",[],1,{1},[29011],"{30521, 30539}",[23973],Steglich_esterification,False,[186],"A0528a, A0365a"
35570,CC(N)c1ccc(C(=O)Nc2c[nH]c3cc(Br)ccc23)cc1,PIVUSRIEARQIKL-UHFFFAOYSA-N,1,2,"{63058, 63059}",[],1,{1},[34045],"{34944, 34876}",[31891],Amidation,False,[187],"A0566a, A0365a"
42376,CCN(C(=O)CCc1cncc(OC)c1)C1CCNC1=O,XYTAGSNGJMEVLZ-UHFFFAOYSA-N,1,2,"{71030, 71031}",[],1,{1},[40672],"{42009, 42375}",[38517],Amidation,False,[191],"A0515a, A0528a"
43512,COc1cc(C(=O)OCC2CCCNC2=O)c(F)cn1,NUUCNSJKYFEGRF-UHFFFAOYSA-N,1,1,{75069},[],1,{1},[41702],"{43442, 43511}",[39546],Steglich_esterification,False,[192],"A0515a, A0528a"
47122,COc1nc(C(N)=O)ccc1NC(=O)C1(C#N)CC1,DHFLVNKXACFRPV-UHFFFAOYSA-N,1,1,{81292},[],1,{1},[45042],"{45723, 46174}",[42885],Amidation,False,[171],"A0556a, A0310a"
50680,CCOC(=O)c1nn(C)c(NC(=O)C(C)(C#N)CC)c1Br,KFVJCMXHNMBFRU-UHFFFAOYSA-N,1,2,"{87454, 87455}",[],1,{1},[48497],"{49356, 46085}",[46339],Amidation,False,[195],"A0556a, A0310a"
52931,CC(C)(C)C(=O)Nc1ccc(C(=O)NC2(C(F)F)CC3(CC3)C2)cn1,SGRCELVWRWSVRA-UHFFFAOYSA-N,1,0,set(),[],1,{1},[50615],"{52817, 52450}",[48456],Amidation,False,[196],"A0556a, A0310a"
59349,CCC12CC(NC(=O)c3ccc(NC(=O)C(C)(C)C)nc3)(C1)C2,CRJGAGVDAPLHPK-UHFFFAOYSA-N,1,0,set(),[],1,{1},[57828],"{52450, 59348}",[78334],Amidation,False,[194],"A0556a, A0310a"
64617,CCC(=O)c1ccc(OCCF)cc1,YVYVGHPVNHHVFQ-UHFFFAOYSA-N,1,3,"{141792, 118525, 153312}",[],1,{1},[62603],"{64616, 64553}",[83117],Williamson_ether_synthesis,False,"[93, 240, 241]",A1775a
71719,O=C(CCl)c1ccc(OCCCl)cc1,BSVAMGMIOLVIJD-UHFFFAOYSA-N,1,3,"{127329, 142051, 154881}",[],1,{1},[89206],"{71708, 87373}",[90461],Williamson_ether_synthesis,False,"[236, 240, 241]",A1775a
76267,N#CCC(=O)N1CCC(C(=O)c2ccc3c(c2)CC(=O)N3)CC1,PQUXRIKKCAPQTD-UHFFFAOYSA-N,1,2,"{133892, 182229}",[],1,{1},[74185],"{76099, 45398}",[94735],Amidation,False,"[95, 245]",A1778a
86058,CCCCOc1ccc(C(C)=O)cc1OC,QOKHMJFNZKKYGC-UHFFFAOYSA-N,1,1,{147928},[],1,{1},[83923],"{82617, 64790}",[104820],Williamson_ether_synthesis,False,[240],A1775a
105778,O=C1Cc2cc(C(=O)C3CCN(C(=O)CO)CC3)ccc2N1,DSWPNAIUGQHHCN-UHFFFAOYSA-N,1,2,"{178256, 181664}",[],1,{1},[104736],"{76099, 71606}",[125221],Amidation,False,"[244, 245]","A1776a, A1778a"
65004,C=C(CI)Oc1ccc(C(=O)CC)cc1,UUUVWGOVAKXESA-UHFFFAOYSA-N,1,3,"{118904, 142195, 157021}",[],1,{1},[63084],"{64553, 65121}",[83560],Williamson_ether_synthesis,False,"[93, 240, 241]",A1775a
20445,CCC1(C(=O)N(Cc2ccccc2)C2CCCNC2)CCNC1=O,CUXQDSVRBNSPDR-UHFFFAOYSA-N,1,4,"{35320, 35321, 35322, 35323}",[],1,{1},[19036],"{20437, 19837}",[14104],Amidation,False,[182],"A0528a, A0365a"
21669,O=C1NC(=O)N(c2ccc(NCc3ccc(C(F)(F)F)c(Cl)c3)cc2)C1=O,DGUVEBGRBAAIFG-UHFFFAOYSA-N,1,1,{36905},[],1,{1},[20091],"{20531, 20844}",[15158],Buchwald-Hartwig_amination,False,[183],"A0528a, A0365a"
49513,CCOC(=O)c1cc(NC(=O)C(C#N)=NO)n(C)n1,RSDPJOPDHPZJGB-UHFFFAOYSA-N,1,2,"{85376, 85375}",[],1,{1},[47380],"{49345, 45599}",[45222],Amidation,False,[195],"A0556a, A0310a"
76100,CC(=O)N1CCC(C(=O)c2ccc3c(c2)CC(=O)N3)CC1,XGEHJBAORVMZNC-UHFFFAOYSA-N,1,2,"{133625, 177866}",[],1,{1},[74018],"{76099, 71591}",[94568],Amidation,False,"[95, 244]",A1778a
71718,O=CCOc1ccc(C(=O)CCl)cc1,WPDWLXRMNQALMF-UHFFFAOYSA-N,1,3,"{127328, 153773, 141759}",[],1,{1},[88172],"{87379, 71708}",[90459],Williamson_ether_synthesis,False,"[236, 240, 241]",A1775a
16458,Cc1cc(CNc2ccc(N3CCN(C)C(=O)C3)cn2)ccc1C#N,DBYRTFKUGRHAGW-UHFFFAOYSA-N,1,1,{27197},[],1,{1},[15920],"{16051, 16031}",[10990],Reductive_amination,False,[181],"A0528a, A0365a"
64592,CCC(=O)c1ccc(OCC=O)cc1,KKIXEWGIOYISMC-UHFFFAOYSA-N,1,3,"{153753, 141754, 118508}",[],1,{1},[88141],"{64553, 87379}",[83093],Williamson_ether_synthesis,False,"[93, 240, 241]",A1775a
71725,O=C(CCl)c1ccc(OCCBr)cc1,PARRSGRSMOSSPV-UHFFFAOYSA-N,1,3,"{151430, 127334, 141767}",[],1,{1},[89205],"{71708, 87373}",[90472],Williamson_ether_synthesis,False,"[236, 240, 241]",A1775a
75493,O=C1C(Cl)=C(Cl)C(=O)c2cc(NC(=O)C3CNC3)ccc21,ZVOQRKGJLQHPST-UHFFFAOYSA-N,1,1,{131836},[],1,{1},[73412],"{75067, 71686}",[93963],Amidation,False,[237],A1776a
72081,C=C(CI)Oc1ccc(C(=O)CCl)c(O)c1,GSRNVMUFKXMOKX-UHFFFAOYSA-N,1,2,"{127745, 144884}",[],1,{1},[70335],"{71712, 65121}",[90856],Williamson_ether_synthesis,False,"[236, 240]",A1775a
76252,NCC(=O)N1CCC(C(=O)c2ccc3c(c2)CC(=O)N3)CC1,HELNCGFLRABPPE-UHFFFAOYSA-N,1,1,{133876},[],1,{1},[74170],"{18681, 76099}",[94720],Amidation,False,[95],A1778a
64589,O=C1CCc2cc(OCCCl)ccc21,PPUYXFRSZWNWAM-UHFFFAOYSA-N,1,3,"{142048, 118506, 153686}",[],1,{1},[88057],"{64585, 87373}",[83089],Williamson_ether_synthesis,False,"[93, 240, 241]",A1775a
71882,C=C(Br)COc1ccc(C(=O)CCl)cc1,NKIMAFBIIQDSBW-UHFFFAOYSA-N,1,3,"{127498, 142212, 156950}",[],1,{1},[70090],"{65121, 71708}",[90643],Williamson_ether_synthesis,False,"[236, 240, 241]",A1775a
71905,NCCCOc1cc(C(=O)CCl)ccc1O,LZQUNVKGMJZESZ-UHFFFAOYSA-N,1,1,{127522},[],1,{1},[70113],"{71715, 64991}",[90666],Williamson_ether_synthesis,False,[236],A1775a
28013,CSc1cccc(C(O)Nc2ccc(N3CCNC(=O)C3)cn2)c1,WAHJAKREJFXDHP-UHFFFAOYSA-N,1,2,"{48860, 48861}",[],1,{1},[26588],"{15993, 28012}",[21551],Reductive_amination,False,[185],"A0528a, A0365a"
76270,COCC(=O)N1CCC(C(=O)c2ccc3c(c2)CC(=O)N3)CC1,ANBAAHVCCNMFEA-UHFFFAOYSA-N,1,2,"{133896, 178278}",[],1,{1},[74188],"{76099, 62340}",[94738],Amidation,False,"[95, 244]",A1778a
24082,C#CC(=O)Nc1cncc(CC(=O)N2CCN(C(=O)CCl)CC2c2cccnc2)c1,VTVLOEJAUYGHPF-UHFFFAOYSA-N,1,2,"{41096, 41095}",[],1,{3},"[8788, 21831, 22604]","{272, 22817, 6000, 253}",[17573],"Amidation, Buchwald-Hartwig_amidation_with_amide-like_nucleophile",False,[143],A1346a
50546,CCOC(=O)c1cc(NC(=O)C(C#N)(CC)CC)n(C)n1,MJMHQISKVDMWBR-UHFFFAOYSA-N,1,1,{87239},[],1,{1},[48363],"{49345, 47381}",[46205],Amidation,False,[195],"A0556a, A0310a"
71730,N#CCOc1ccc(C(=O)CCl)cc1,BXQVDIAKTINJPF-UHFFFAOYSA-N,1,3,"{141800, 127340, 154757}",[],1,{1},[89078],"{71708, 87381}",[90481],Williamson_ether_synthesis,False,"[236, 240, 241]",A1775a
20845,O=C1NC(=O)N(c2ccc(NCc3ccc(C(F)(F)F)cc3)cc2)C1=O,OLTFWVMUPXNTQQ-UHFFFAOYSA-N,1,1,{35895},[],1,{1},[19335],"{20504, 20844}",[14402],Buchwald-Hartwig_amination,False,[183],"A0528a, A0365a"
64598,CCC(=O)c1ccc(OCCBr)cc1,IADFYSLRLWUKCF-UHFFFAOYSA-N,1,3,"{118512, 151400, 141870}",[],1,{1},[88012],"{64553, 87373}",[83102],Williamson_ether_synthesis,False,"[93, 240, 241]",A1775a
71760,O=C(CCl)c1ccc(O)c(OCCF)c1,HBIAEMSUKSNSCA-UHFFFAOYSA-N,1,2,"{127371, 143631}",[],1,{1},[69965],"{64616, 71715}",[90513],Williamson_ether_synthesis,False,"[236, 240]",A1775a
49830,CCOC(=O)c1nn(C)c(NC(=O)C(C#N)=NO)c1Br,ZCPWRPMDQXWWBJ-UHFFFAOYSA-N,1,2,"{85910, 85911}",[],1,{1},[47676],"{49356, 45599}",[45518],Amidation,False,[195],"A0556a, A0310a"
71732,O=C(CCl)c1ccc(OCCF)cc1,ARVBKOZXQOCVGU-UHFFFAOYSA-N,1,3,"{153338, 141788, 127342}",[],1,{1},[69937],"{64616, 71708}",[90484],Williamson_ether_synthesis,False,"[236, 240, 241]",A1775a
71958,N#CCCOc1ccc(C(=O)CCl)cc1O,GGYYFUMECIOESL-UHFFFAOYSA-N,1,2,"{127587, 148767}",[],1,{1},[70166],"{65153, 71715}",[90719],Williamson_ether_synthesis,False,"[236, 240]",A1775a
47142,CN(C)C(=O)c1ccc(NC(=O)C2(C#N)CC2)cn1,DTAPSOTUKJTRJU-UHFFFAOYSA-N,1,1,{81311},[],1,{1},[45061],"{46174, 45694}",[42904],Amidation,False,[171],"A0556a, A0310a"
76378,N#CC(=NO)C(=O)N1CCC(C(=O)c2ccc3c(c2)CC(=O)N3)CC1,NJUUPDSBWFQTPR-UHFFFAOYSA-N,1,3,"{134016, 178410, 134015}",[],1,{1},[74296],"{76099, 45599}",[94846],Amidation,False,"[95, 244]",A1778a
59382,CC(C)(C)C(=O)Nc1ccc(C(=O)NC2CC(CC#N)C2)cn1,UMHSSHPJSPHPQR-UHFFFAOYSA-N,1,1,{102325},[],1,{1},[57850],"{52450, 59381}",[78356],Amidation,False,[194],"A0556a, A0310a"
24075,O=C(CO)Nc1cncc(CC(=O)N2CCN(C(=O)CCl)CC2c2cccnc2)c1,JIJOMFDCBOAKLL-UHFFFAOYSA-N,1,2,"{41081, 41082}",[],1,{3},"[8788, 21831, 22596]","{6000, 22817, 253, 254}",[17565],"Amidation, Buchwald-Hartwig_amidation_with_amide-like_nucleophile",False,[143],A1346a
82431,CC(=O)c1ccc(OCCF)c(N)c1,KXEPKFAVJFJABZ-UHFFFAOYSA-N,1,2,"{141795, 153703}",[],1,{1},[79982],"{64616, 82251}",[100690],Williamson_ether_synthesis,False,"[240, 241]",A1775a
61891,C=C(Cl)C(=O)NCC(NC(=O)Cc1c(C)nn(C)c1C)c1ccc2ccccc2c1,ZRQLWTLHYWCXLC-UHFFFAOYSA-N,1,2,"{109267, 109268}",[],1,{1},[60202],"{18682, 283}",[80706],Amidation,False,[91],A1346a
64992,CCC(=O)c1ccc(OCCCN)cc1,SCHFMXGOAQZALY-UHFFFAOYSA-N,1,2,"{142268, 118895}",[],1,{1},[62972],"{64553, 64991}",[83547],Williamson_ether_synthesis,False,"[93, 240]",A1775a
49348,CCOC(=O)c1cc(NC(=O)C(C)C#N)n(C)n1,LTICVQBHKOSUNK-UHFFFAOYSA-N,1,2,"{85162, 85163}",[],1,{1},[47243],"{49345, 45412}",[45085],Amidation,False,[195],"A0556a, A0310a"
65002,C=C(CI)Oc1ccc2c(c1)CCC2=O,APUDIGAMSCIXOS-UHFFFAOYSA-N,1,3,"{142226, 118902, 156314}",[],1,{1},[63083],"{64585, 65121}",[83556],Williamson_ether_synthesis,False,"[93, 240, 241]",A1775a
94266,CC(=O)c1ccc(NC(=O)C2CNC2)cc1,SKIQDHSYVQPQOQ-UHFFFAOYSA-N,1,2,"{160012, 171286}",[],1,{1},[93330],"{93187, 71686}",[113818],Amidation,False,"[242, 243]",A1776a
46753,CC(C#N)C(=O)Nc1ccc(C(=O)N(C)C)nc1,WOMBAWDYCZOTJU-UHFFFAOYSA-N,1,2,"{80754, 80755}",[],1,{1},[44678],"{45412, 45694}",[42521],Amidation,False,[171],"A0556a, A0310a"
49564,CCOC(=O)c1nn(C)c(NC(=O)C(C)C#N)c1Br,ACIOWROMOYENEC-UHFFFAOYSA-N,1,2,"{85420, 85421}",[],1,{1},[47411],"{49356, 45412}",[45253],Amidation,False,[195],"A0556a, A0310a"
64611,N#CCOc1ccc2c(c1)CCC2=O,JLHLVJUOFGCEEV-UHFFFAOYSA-N,1,3,"{155008, 118521, 141804}",[],1,{1},[89385],"{64585, 87381}",[83110],Williamson_ether_synthesis,False,"[93, 240, 241]",A1775a
71807,N#CCCOc1ccc(C(=O)CCl)cc1,YNUVIODWLAOWTL-UHFFFAOYSA-N,1,2,"{127425, 142585}",[],1,{1},[70013],"{65153, 71708}",[90575],Williamson_ether_synthesis,False,"[236, 240]",A1775a
77014,NS(=O)(=O)Cc1ccccc1NC(=O)NC1(C(F)F)CCC1,LFLWDMQUQKNTME-UHFFFAOYSA-N,1,1,{134696},[],1,{1},[74816],"{52451, 76421}",[95365],Formation_of_urea_from_two_amines,False,[204],"A0719a, A0884a"
72340,CC=CCOc1ccc(C(=O)CCl)c(O)c1,ABRFRXRWLNUUMJ-UHFFFAOYSA-N,1,2,"{148705, 128036}",[],1,{1},[70586],"{71712, 65269}",[91139],Williamson_ether_synthesis,False,"[236, 240]",A1775a
65271,CC=CCOc1ccc(C(=O)CC)cc1,SYCMVRGLLWKSRO-UHFFFAOYSA-N,1,2,"{142397, 119175}",[],1,{1},[63242],"{64553, 65269}",[83780],Williamson_ether_synthesis,False,"[93, 240]",A1775a
82240,CC(=O)c1ccc(OCCBr)cc1,QRVRYBJTVILKOK-UHFFFAOYSA-N,1,2,"{141593, 150562}",[],1,{1},[85307],"{82226, 87373}",[100353],Williamson_ether_synthesis,False,"[240, 241]",A1775a
64618,O=C1CCc2cc(OCCF)ccc21,LCOVGPXTXTWUSS-UHFFFAOYSA-N,1,3,"{153395, 118526, 141783}",[],1,{1},[62604],"{64616, 64585}",[83119],Williamson_ether_synthesis,False,"[93, 240, 241]",A1775a
71811,CC=CCOc1ccc(C(=O)CCl)cc1,KYWLZCULDRIGQM-UHFFFAOYSA-N,1,2,"{142470, 127430}",[],1,{1},[70017],"{71708, 65269}",[90579],Williamson_ether_synthesis,False,"[236, 240]",A1775a
48231,COc1nc(C(N)=O)ccc1NC(=O)C(C#N)=NO,IUZZXWUEQXPWRK-UHFFFAOYSA-N,1,2,"{83133, 83134}",[],1,{1},[46130],"{45723, 45599}",[43973],Amidation,False,[171],"A0556a, A0310a"
49774,CCOC(=O)c1cc(NC(=O)C(C)(C#N)CC)n(C)n1,FAIRPICKKGRXNB-UHFFFAOYSA-N,1,2,"{85824, 85823}",[],1,{1},[47620],"{49345, 46085}",[45462],Amidation,False,[195],"A0556a, A0310a"
64612,CCC(=O)c1ccc(OCC#N)cc1,IAUVXBJEUVGIEF-UHFFFAOYSA-N,1,3,"{154736, 118522, 141835}",[],1,{1},[89064],"{64553, 87381}",[83112],Williamson_ether_synthesis,False,"[93, 240, 241]",A1775a
71952,N#CCCOc1cc(C(=O)CCl)ccc1O,PNJINMPTESXHGT-UHFFFAOYSA-N,1,2,"{127581, 148766}",[],1,{1},[70160],"{65153, 71715}",[90713],Williamson_ether_synthesis,False,"[236, 240]",A1775a
64590,CCC(=O)c1ccc(OCCCl)cc1,VILHJYWZPMKMMF-UHFFFAOYSA-N,1,3,"{118507, 153653, 142078}",[],1,{1},[88010],"{64553, 87373}",[83091],Williamson_ether_synthesis,False,"[93, 240, 241]",A1775a
65122,C=C(Br)COc1ccc2c(c1)CCC2=O,WBPLFSNMUNEPOM-UHFFFAOYSA-N,1,3,"{156313, 119018, 142181}",[],1,{1},[63081],"{64585, 65121}",[83653],Williamson_ether_synthesis,False,"[93, 240, 241]",A1775a
105901,CC(=O)N1CCc2cc(C(=O)N(C)C)ccc21,WQSYUXTWMKFDLH-UHFFFAOYSA-N,1,1,{178547},[],1,{1},[104849],"{105900, 71591}",[125334],Amidation,False,[245],"A1776a, A1778a"
64654,O=C1CCc2cc(OCCBr)ccc21,GQHAVAKLVAASDI-UHFFFAOYSA-N,1,3,"{141645, 118549, 153396}",[],1,{1},[88058],"{64585, 87373}",[83149],Williamson_ether_synthesis,False,"[93, 240, 241]",A1775a
65159,C=C(Br)COc1ccc(C(=O)CC)cc1,JOAPCGPLMHJWPM-UHFFFAOYSA-N,1,3,"{119051, 157020, 142222}",[],1,{1},[63125],"{64553, 65121}",[83678],Williamson_ether_synthesis,False,"[93, 240, 241]",A1775a
71758,O=C(CCl)c1ccc(O)cc1OCCF,VJPCBDRBEFXASS-UHFFFAOYSA-N,1,2,"{127369, 143627}",[],1,{1},[69963],"{64616, 71712}",[90511],Williamson_ether_synthesis,False,"[236, 240]",A1775a
65155,N#CCCOc1ccc2c(c1)CCC2=O,TXBBTQALJLEGAY-UHFFFAOYSA-N,1,2,"{142589, 119046}",[],1,{1},[63116],"{64585, 65153}",[83675],Williamson_ether_synthesis,False,"[93, 240]",A1775a
34968,NCc1ccc(C(=O)Nc2c[nH]c3ccc(F)cc23)cc1,WVPXHFKQVFBMQB-UHFFFAOYSA-N,1,1,{62435},[],1,{1},[33486],"{34852, 34967}",[31332],Amidation,False,[187],"A0566a, A0365a"
16123,Cc1ccc(CNc2ccc(N3CCN(C)C(=O)C3)cn2)cc1C,QADDHVNVTIQSDO-UHFFFAOYSA-N,1,1,{26666},[],1,{1},[15614],"{15992, 16031}",[10684],Reductive_amination,False,[181],"A0528a, A0365a"
93473,CC(=O)c1ccc(NC(=O)CC#N)cc1,WPFBRJWFVGBZJI-UHFFFAOYSA-N,1,2,"{168211, 158983}",[],1,{1},[92562],"{93187, 45398}",[113050],Amidation,False,"[242, 243]",A1776a
71802,CCCCOc1ccc(C(=O)CCl)cc1,DGMPBOVWZDSEJP-UHFFFAOYSA-N,1,2,"{142275, 127420}",[],1,{1},[70008],"{71708, 64790}",[90570],Williamson_ether_synthesis,False,"[236, 240]",A1775a
71787,NCCCOc1ccc(C(=O)CCl)cc1,JAMOZBULKTXFSB-UHFFFAOYSA-N,1,2,"{142288, 127404}",[],1,{1},[69993],"{71708, 64991}",[90545],Williamson_ether_synthesis,False,"[236, 240]",A1775a
26023,O=C1NCCN1c1ccc(NCc2ccc(Br)c(F)c2)cc1,SUPVYZVXXWTTBR-UHFFFAOYSA-N,1,1,{46192},[],1,{1},[24597],"{26022, 20503}",[19561],Buchwald-Hartwig_amination,False,[184],"A0528a, A0365a"
46086,CCC(C)(C#N)C(=O)Nc1ccc(C(N)=O)nc1,PVTHXGYEQAQPMN-UHFFFAOYSA-N,1,2,"{79774, 79775}",[],1,{1},[44049],"{46085, 45399}",[41892],Amidation,False,[171],"A0556a, A0310a"
91717,C=C(Br)COc1c(Cl)cc(C=O)cc1Br,KDGNXNGAEPYBSK-UHFFFAOYSA-N,1,1,{156311},[],1,{1},[90326],"{65121, 88013}",[110977],Williamson_ether_synthesis,False,[241],A1775a
45600,N#CC(=NO)C(=O)Nc1ccc(C(N)=O)nc1,YLNHFSUKIKSVSZ-UHFFFAOYSA-N,1,2,"{79057, 79058}",[],1,{1},[43631],"{45599, 45399}",[41474],Amidation,False,[171],"A0556a, A0310a"
16189,Cc1cc(CNc2ccc(N3CCN(C)C(=O)C3)cn2)cc(Br)c1C,JQZFRFFRYHIAGS-UHFFFAOYSA-N,1,1,{26766},[],1,{1},[15671],"{16057, 16031}",[10741],Reductive_amination,False,[181],"A0528a, A0365a"
45413,CC(C#N)C(=O)Nc1ccc(C(N)=O)nc1,OYQPMKKUMAALNJ-UHFFFAOYSA-N,1,2,"{78829, 78830}",[],1,{1},[43479],"{45412, 45399}",[41322],Amidation,False,[171],"A0556a, A0310a"
49357,CCOC(=O)c1nn(C)c(NC(=O)CC#N)c1Br,JFJOZCRXMBFTTP-UHFFFAOYSA-N,1,1,{85171},[],1,{1},[47249],"{49356, 45398}",[45091],Amidation,False,[195],"A0556a, A0310a"
35541,CC(N)c1ccc(C(=O)Nc2c[nH]c3ccc(F)cc23)cc1,GIJQPOFELYYZHX-UHFFFAOYSA-N,1,2,"{63026, 63027}",[],1,{1},[34022],"{34876, 34967}",[31868],Amidation,False,[187],"A0566a, A0365a"
82462,CC(=O)c1ccc(OCC#N)c(F)c1,YZRYMCIUQSUION-UHFFFAOYSA-N,1,2,"{154825, 141830}",[],1,{1},[89143],"{87381, 82255}",[100756],Williamson_ether_synthesis,False,"[240, 241]",A1775a
65780,CCC(=O)c1ccc(OCCC#N)c(Cl)c1,GUVVSYAISZTTOF-UHFFFAOYSA-N,1,2,"{148552, 119813}",[],1,{1},[63745],"{65153, 64566}",[84282],Williamson_ether_synthesis,False,"[93, 240]",A1775a
99645,NCC(=O)Nc1ccc(C=O)cc1,MFYWNHWBQSXPDY-UHFFFAOYSA-N,1,1,{167366},[],1,{1},[98669],"{18681, 99613}",[119156],Amidation,False,[243],A1776a
72076,C=C(CI)Oc1ccc(C(=O)CCl)cc1O,VMYJANCFVPSGRQ-UHFFFAOYSA-N,1,2,"{127740, 144853}",[],1,{1},[70324],"{65121, 71715}",[90848],Williamson_ether_synthesis,False,"[236, 240]",A1775a
82771,C=C(Br)COc1ccc(C(C)=O)cc1N,NURYHLLSBJYOSB-UHFFFAOYSA-N,1,2,"{156350, 142190}",[],1,{1},[80308],"{65121, 82251}",[101134],Williamson_ether_synthesis,False,"[240, 241]",A1775a
107383,CC(C#N)C(=O)N1CCc2cc(C(=O)N(C)C)ccc21,OIJARATXOURBDA-UHFFFAOYSA-N,1,2,"{181178, 181179}",[],1,{1},[106318],"{105900, 45412}",[126803],Amidation,False,[245],"A1776a, A1778a"
45695,CN(C)C(=O)c1ccc(NC(=O)CC#N)cn1,AVFCIYJQPBUBMO-UHFFFAOYSA-N,1,1,{79158},[],1,{1},[43699],"{45694, 45398}",[41542],Amidation,False,[171],"A0556a, A0310a"
71897,NCCCOc1ccc(C(=O)CCl)c(O)c1,FLENGHQVXJQOAX-UHFFFAOYSA-N,1,2,"{148184, 127513}",[],1,{1},[70105],"{71712, 64991}",[90658],Williamson_ether_synthesis,False,"[236, 240]",A1775a
106379,CN(C)C(=O)c1ccc2c(c1)CCN2C(=O)CO,JLDGNOPSHHPRNA-UHFFFAOYSA-N,1,1,{179420},[],1,{1},[105320],"{105900, 71606}",[125805],Amidation,False,[245],"A1776a, A1778a"
82395,CC(=O)c1ccc(OCC=O)c(F)c1,FQYYQADCSGSGLI-UHFFFAOYSA-N,1,2,"{153617, 141749}",[],1,{1},[87949],"{87379, 82255}",[100623],Williamson_ether_synthesis,False,"[240, 241]",A1775a
62012,COc1cc(NC(=O)C(CC(=O)O)C(F)(F)F)n(C)n1,PWTFVVAIGPBUKA-UHFFFAOYSA-N,1,2,"{109621, 109622}",[],1,{1},[60298],"{62011, 61982}",[80801],Amidation,False,[92],A1445a
93229,CC(=O)c1ccc(NC(=O)CCl)cc1,FLMLTMFETZMOHW-UHFFFAOYSA-N,1,2,"{167492, 158733}",[],1,{1},[92340],"{93187, 253}",[112829],Amidation,False,"[242, 243]",A1776a
72011,CCCCOc1ccc(C(=O)CCl)c(O)c1,HJCABBKZMWNQHA-UHFFFAOYSA-N,1,2,"{147665, 127650}",[],1,{1},[70219],"{71712, 64790}",[90772],Williamson_ether_synthesis,False,"[236, 240]",A1775a
71803,C#CCCOc1ccc(C(=O)CCl)cc1,UEOYGLSGPSAPFF-UHFFFAOYSA-N,1,2,"{142122, 127421}",[],1,{1},[70009],"{71708, 65302}",[90571],Williamson_ether_synthesis,False,"[236, 240]",A1775a
72013,CCCCOc1ccc(C(=O)CCl)cc1O,SPYKRVKGBXXRNQ-UHFFFAOYSA-N,1,2,"{147898, 127652}",[],1,{1},[70221],"{71715, 64790}",[90774],Williamson_ether_synthesis,False,"[236, 240]",A1775a
82278,CC(=O)c1ccc(OCCCl)cc1,IZIKZNOLOCUEQB-UHFFFAOYSA-N,1,2,"{150561, 141618}",[],1,{1},[85306],"{82226, 87373}",[100397],Williamson_ether_synthesis,False,"[240, 241]",A1775a
46699,COc1nc(C(N)=O)ccc1NC(=O)C(C)C#N,WNOMXLFLQFUFSR-UHFFFAOYSA-N,1,2,"{80665, 80666}",[],1,{1},[44627],"{45723, 45412}",[42470],Amidation,False,[171],"A0556a, A0310a"
45724,COc1nc(C(N)=O)ccc1NC(=O)CC#N,VIZBWGMXMVZQAJ-UHFFFAOYSA-N,1,1,{79174},[],1,{1},[43714],"{45723, 45398}",[41557],Amidation,False,[171],"A0556a, A0310a"
82281,C=C(CI)Oc1ccc(C(C)=O)cc1,XKGAJQNHILUEDO-UHFFFAOYSA-N,1,2,"{141621, 152119}",[],1,{1},[80187],"{65121, 82226}",[100403],Williamson_ether_synthesis,False,"[240, 241]",A1775a
35961,Cc1cc(C(N)=O)ccc1C(=O)Nc1c[nH]c2ccccc12,ZLZBSQNYGCPWFM-UHFFFAOYSA-N,1,1,{63398},[],1,{1},[34365],"{35960, 34853}",[32211],Amidation,False,[187],"A0566a, A0365a"
93407,CC(=O)c1ccc(NC(=O)CS)cc1Cl,RAZLEBYOIDBONO-UHFFFAOYSA-N,1,2,"{168656, 158909}",[],1,{1},[92496],"{71601, 93217}",[112984],Amidation,False,"[242, 243]",A1776a
108250,CC1(NC(=O)c2cc3ccsc3[nH]2)CC(C(F)(F)F)C1,FZDCCAOQLMPOFS-UHFFFAOYSA-N,1,1,{182484},[],1,{1},[107167],"{108217, 108249}",[127651],Amidation,False,[199],"A0556a, A0566a"
95870,CC(=O)c1ccc(NC(=O)C(N)CCl)cc1Cl,DNUFQHUYWPKDIT-UHFFFAOYSA-N,1,4,"{176392, 162066, 162067, 176391}",[],1,{1},[94918],"{93217, 18700}",[115406],Amidation,False,"[242, 243]",A1776a
47382,CCC(C#N)(CC)C(=O)Nc1ccc(C(N)=O)nc1,OVBQVJRGCDLJGA-UHFFFAOYSA-N,1,1,{81714},[],1,{1},[45287],"{47381, 45399}",[43130],Amidation,False,[171],"A0556a, A0310a"
82680,CC(=O)c1ccc(OCCCl)c(N)c1,POTQPPCMLPYKEX-UHFFFAOYSA-N,1,2,"{142081, 153676}",[],1,{1},[88041],"{82251, 87373}",[101021],Williamson_ether_synthesis,False,"[240, 241]",A1775a
26000,O=C1NCCN1c1ccc(NCc2cccc(F)c2F)cc1,DZYWIJBAAWZOIC-UHFFFAOYSA-N,1,1,{46178},[],1,{1},[24585],"{25999, 20503}",[19549],Buchwald-Hartwig_amination,False,[184],"A0528a, A0365a"
71717,CCOc1cc(C(=O)CCl)ccc1O,OKDCUVWOFWACSU-UHFFFAOYSA-N,1,2,"{141947, 127327}",[],1,{1},[69921],"{64552, 71715}",[90457],Williamson_ether_synthesis,False,"[236, 240]",A1775a
71885,NCCCOc1cc(O)ccc1C(=O)CCl,BAXVWTXUVQAQHV-UHFFFAOYSA-N,1,1,{127501},[],1,{1},[70093],"{71712, 64991}",[90646],Williamson_ether_synthesis,False,[236],A1775a
108248,O=C(NC1CC(C(F)(F)F)C1)c1cc2cc(Br)sc2[nH]1,PMJYWQLUNYNKJC-UHFFFAOYSA-N,1,1,{182483},[],1,{1},[107166],"{108218, 108247}",[127650],Amidation,False,[199],"A0556a, A0566a"
71759,O=C(CCl)c1ccc(OCCF)c(O)c1,RCTFMGLPMMNKPQ-UHFFFAOYSA-N,1,2,"{127370, 143630}",[],1,{1},[69964],"{64616, 71715}",[90512],Williamson_ether_synthesis,False,"[236, 240]",A1775a
82464,CC(=O)c1ccc(OCC#N)c(N)c1,MQYAEPIRWQPRAH-UHFFFAOYSA-N,1,2,"{141832, 154905}",[],1,{1},[89235],"{82251, 87381}",[100760],Williamson_ether_synthesis,False,"[240, 241]",A1775a
71900,C=C(Br)COc1ccc(C(=O)CCl)cc1O,LCDIBTLBOZVGON-UHFFFAOYSA-N,1,2,"{127516, 146342}",[],1,{1},[70108],"{65121, 71715}",[90661],Williamson_ether_synthesis,False,"[236, 240]",A1775a
99641,O=Cc1ccc(NC(=O)CS)cc1,MIOFTECZDPLDCS-UHFFFAOYSA-N,1,1,{167362},[],1,{1},[98665],"{71601, 99613}",[119152],Amidation,False,[243],A1776a
26048,O=C1NC(=O)N(c2ccc(NCc3cccc(F)c3)cc2)C1=O,IYKYOMCMGDHSFN-UHFFFAOYSA-N,1,1,{46211},[],1,{1},[24615],"{25969, 20844}",[19591],Buchwald-Hartwig_amination,False,[184],"A0528a, A0365a"
66195,C=C(CI)Oc1ccc(C(=O)CC)cc1Cl,KQUSDPDOLYGIEG-UHFFFAOYSA-N,1,2,"{145001, 120298}",[],1,{1},[64270],"{65121, 64566}",[84736],Williamson_ether_synthesis,False,"[93, 240]",A1775a
82484,CC(=O)c1ccc(OCCBr)c(F)c1,YCKJPYFSHPWTRA-UHFFFAOYSA-N,1,2,"{141865, 152791}",[],1,{1},[87994],"{87373, 82255}",[100792],Williamson_ether_synthesis,False,"[240, 241]",A1775a
93232,CC(=O)c1ccc(NC(=O)CS)cc1,WBJOQROPHCHERE-UHFFFAOYSA-N,1,2,"{158736, 167478}",[],1,{1},[92343],"{71601, 93187}",[112832],Amidation,False,"[242, 243]",A1776a
72115,C=C(Br)COc1ccc(C(=O)CCl)c(O)c1,HEOVOPBLTWANNA-UHFFFAOYSA-N,1,2,"{127793, 146366}",[],1,{1},[70334],"{71712, 65121}",[90890],Williamson_ether_synthesis,False,"[236, 240]",A1775a
93359,CC(=O)c1ccc(NC(=O)CN)cc1Cl,JPKAUFWHDJRBLB-UHFFFAOYSA-N,1,2,"{168987, 158853}",[],1,{1},[92448],"{18681, 93217}",[112936],Amidation,False,"[242, 243]",A1776a
34945,NCc1ccc(C(=O)Nc2c[nH]c3cc(Br)ccc23)cc1,AIYSUCBVHPMTCC-UHFFFAOYSA-N,1,1,{62423},[],1,{1},[33474],"{34944, 34852}",[31320],Amidation,False,[187],"A0566a, A0365a"
85509,COCCCOc1ccc(C(C)=O)cc1F,HNUJXPLHEVKDLK-UHFFFAOYSA-N,1,1,{146938},[],1,{1},[83319],"{66378, 82255}",[104271],Williamson_ether_synthesis,False,[240],A1775a
71713,CCOc1ccc(C(=O)CCl)c(O)c1,OBUGAMBYISEWLC-UHFFFAOYSA-N,1,2,"{127324, 141950}",[],1,{1},[69918],"{64552, 71712}",[90454],Williamson_ether_synthesis,False,"[236, 240]",A1775a
82239,CC(=O)c1ccc(OCC#N)cc1,LMPOOCSNZQWRBX-UHFFFAOYSA-N,1,2,"{141592, 151011}",[],1,{1},[85747],"{82226, 87381}",[100351],Williamson_ether_synthesis,False,"[240, 241]",A1775a
72006,C#CCCOc1ccc(C(=O)CCl)c(O)c1,ZQOYIXUFAUTJCJ-UHFFFAOYSA-N,1,2,"{127645, 147935}",[],1,{1},[70214],"{71712, 65302}",[90767],Williamson_ether_synthesis,False,"[236, 240]",A1775a
72561,COCCCOc1cc(C(=O)CCl)ccc1O,ATGKUGUCPJUZPT-UHFFFAOYSA-N,1,1,{128344},[],1,{1},[70804],"{66378, 71715}",[91379],Williamson_ether_synthesis,False,[236],A1775a
18701,Cc1nn(C)c(C)c1CC(=O)NC(CNC(=O)C(N)CCl)c1ccc2ccccc2c1,AYZKONOPXQJWHT-UHFFFAOYSA-N,1,4,"{31162, 31163, 31164, 31165}",[],1,{1},[18060],"{18682, 18700}",[13129],Amidation,False,[139],A1346a
72008,C#CCCOc1cc(C(=O)CCl)ccc1O,YGHCAIWZUJONMX-UHFFFAOYSA-N,1,2,"{147931, 127647}",[],1,{1},[70216],"{71715, 65302}",[90769],Williamson_ether_synthesis,False,"[236, 240]",A1775a
71716,CCOc1ccc(C(=O)CCl)cc1O,XWXCTPDDNOVDMC-UHFFFAOYSA-N,1,2,"{141946, 127326}",[],1,{1},[69920],"{64552, 71715}",[90456],Williamson_ether_synthesis,False,"[236, 240]",A1775a
82334,CC=CCOc1ccc(C(C)=O)cc1,REUVZTCTXBQZKJ-UHFFFAOYSA-N,1,2,"{141681, 151069}",[],1,{1},[79876],"{82226, 65269}",[100511],Williamson_ether_synthesis,False,"[240, 241]",A1775a
82817,C=C(Br)COc1ccc(C(C)=O)cc1F,BRBGWKAAKFKEEZ-UHFFFAOYSA-N,1,2,"{157000, 142245}",[],1,{1},[80354],"{65121, 82255}",[101190],Williamson_ether_synthesis,False,"[240, 241]",A1775a
107428,CN(C)C(=O)c1ccc2c(c1)CCN2C(=O)C1CNC1,YXYQRNFEDSZDDV-UHFFFAOYSA-N,1,1,{181252},[],1,{1},[106363],"{105900, 71686}",[126848],Amidation,False,[245],"A1776a, A1778a"
36917,Cc1cc(C(N)=O)ccc1C(=O)Nc1c[nH]c2cc(Br)ccc12,HQPUYQIGENJVRA-UHFFFAOYSA-N,1,1,{64481},[],1,{1},[35311],"{34944, 35960}",[33157],Amidation,False,[187],"A0566a, A0365a"
71907,NCCCOc1ccc(C(=O)CCl)cc1O,NBQPNIAKDXXXTP-UHFFFAOYSA-N,1,2,"{148248, 127524}",[],1,{1},[70115],"{71715, 64991}",[90668],Williamson_ether_synthesis,False,"[236, 240]",A1775a
93594,CC(=O)c1ccc(NC(=O)C(C)C#N)cc1,WWXPAHQQJPZLRR-UHFFFAOYSA-N,1,4,"{175311, 159117, 159118, 175310}",[],1,{1},[92680],"{93187, 45412}",[113168],Amidation,False,"[242, 243]",A1776a
71757,O=C(CCl)c1ccc(OCCF)cc1O,YMVLCHCOIKRSQL-UHFFFAOYSA-N,1,2,"{127368, 143626}",[],1,{1},[69962],"{64616, 71712}",[90510],Williamson_ether_synthesis,False,"[236, 240]",A1775a
72517,COCCCOc1ccc(C(=O)CCl)cc1O,NHYKXEAYHCFYBR-UHFFFAOYSA-N,1,1,{128275},[],1,{1},[70761],"{66378, 71715}",[91336],Williamson_ether_synthesis,False,[236],A1775a
72007,C#CCCOc1ccc(C(=O)CCl)cc1O,DLKDALOAAHCCIY-UHFFFAOYSA-N,1,2,"{147932, 127646}",[],1,{1},[70215],"{71715, 65302}",[90768],Williamson_ether_synthesis,False,"[236, 240]",A1775a
34877,CC(N)c1ccc(C(=O)Nc2c[nH]c3ccccc23)cc1,GGEJYRSVVUPGRE-UHFFFAOYSA-N,1,2,"{62385, 62386}",[],1,{1},[33439],"{34876, 34853}",[31285],Amidation,False,[187],"A0566a, A0365a"
71950,N#CCCOc1ccc(C(=O)CCl)c(O)c1,DAIUOFUKXNJLLH-UHFFFAOYSA-N,1,2,"{148728, 127579}",[],1,{1},[70158],"{71712, 65153}",[90711],Williamson_ether_synthesis,False,"[236, 240]",A1775a
82492,CC(=O)c1ccc(OCCBr)c(N)c1,QWQALFCYOHBVPY-UHFFFAOYSA-N,1,2,"{153361, 141875}",[],1,{1},[88062],"{82251, 87373}",[100814],Williamson_ether_synthesis,False,"[240, 241]",A1775a
71714,CCOc1cc(O)ccc1C(=O)CCl,WWJWIBDPQFFRRS-UHFFFAOYSA-N,1,2,"{127325, 141951}",[],1,{1},[69919],"{64552, 71712}",[90455],Williamson_ether_synthesis,False,"[236, 240]",A1775a
93346,COCC(=O)Nc1ccc(C(C)=O)cc1,ORZFTELEAXKDTN-UHFFFAOYSA-N,1,2,"{168350, 158838}",[],1,{1},[92435],"{93187, 62340}",[112923],Amidation,False,"[242, 243]",A1776a
82252,CCOc1ccc(C(C)=O)cc1N,CBMYGMRLSCLFPD-UHFFFAOYSA-N,1,2,"{141601, 151023}",[],1,{1},[79803],"{64552, 82251}",[100367],Williamson_ether_synthesis,False,"[240, 241]",A1775a
93736,CC(=O)c1ccc(NC(=O)CC#N)cc1Cl,UTJKOIXTXLDVII-UHFFFAOYSA-N,1,2,"{159288, 175062}",[],1,{1},[92801],"{93217, 45398}",[113289],Amidation,False,"[242, 243]",A1776a
71899,C=C(Br)COc1cc(C(=O)CCl)ccc1O,ANLPAGZHBUWNFP-UHFFFAOYSA-N,1,2,"{127515, 146341}",[],1,{1},[70107],"{65121, 71715}",[90660],Williamson_ether_synthesis,False,"[236, 240]",A1775a
71983,COCCCOc1ccc(C(=O)CCl)cc1,DQVMDTNTBZRTTH-UHFFFAOYSA-N,1,2,"{127617, 146630}",[],1,{1},[70191],"{66378, 71708}",[90744],Williamson_ether_synthesis,False,"[236, 240]",A1775a
72012,CCCCOc1cc(O)ccc1C(=O)CCl,HZRGCYJCWMOIPG-UHFFFAOYSA-N,1,1,{127651},[],1,{1},[70220],"{71712, 64790}",[90773],Williamson_ether_synthesis,False,[236],A1775a
72518,COCCCOc1cc(O)ccc1C(=O)CCl,DDRJLWFQDFBKBL-UHFFFAOYSA-N,1,1,{128276},[],1,{1},[70762],"{71712, 66378}",[91337],Williamson_ether_synthesis,False,[236],A1775a
62401,COCC(=O)N1CCC2CNC(=O)C2C1,UXXYHPYLHNCZEZ-UHFFFAOYSA-N,1,4,"{110356, 110357, 110358, 110359}",[],1,{1},[60566],"{62340, 62359}",[81068],Amidation,False,[73],A0926a
72014,CCCCOc1cc(C(=O)CCl)ccc1O,AUTCOUFYCRCTON-UHFFFAOYSA-N,1,2,"{147748, 127653}",[],1,{1},[70222],"{71715, 64790}",[90775],Williamson_ether_synthesis,False,"[236, 240]",A1775a
93206,CC(=O)c1ccc(NC(=O)CN)cc1,LOVVDWAISSOSRE-UHFFFAOYSA-N,1,2,"{167497, 158717}",[],1,{1},[92325],"{18681, 93187}",[112814],Amidation,False,"[242, 243]",A1776a
82418,CC(=O)c1ccc(OCCF)c(F)c1,ATGKPXGZTZBPIB-UHFFFAOYSA-N,1,2,"{141778, 153407}",[],1,{1},[79969],"{64616, 82255}",[100665],Williamson_ether_synthesis,False,"[240, 241]",A1775a
107764,O=C1Cc2cc(C(=O)C3CCN(C(=O)CS)CC3)ccc2N1,ZVXMTOGKCOHAQX-UHFFFAOYSA-N,1,1,{181704},[],1,{1},[106698],"{71601, 76099}",[127183],Amidation,False,[245],"A1776a, A1778a"
82397,CC(=O)c1ccc(OCC=O)c(N)c1,SIHATXQALYWPPN-UHFFFAOYSA-N,1,2,"{153663, 141751}",[],1,{1},[88027],"{87379, 82251}",[100627],Williamson_ether_synthesis,False,"[240, 241]",A1775a
82234,CC(=O)c1ccc(OCC=O)cc1,QAKGFZZJDVQCAG-UHFFFAOYSA-N,1,2,"{141587, 150663}",[],1,{1},[85381],"{82226, 87379}",[100343],Williamson_ether_synthesis,False,"[240, 241]",A1775a
86206,COc1cc(C(C)=O)ccc1OCCCN,QBKIBAMYOYFBJH-UHFFFAOYSA-N,1,1,{148219},[],1,{1},[84071],"{82617, 64991}",[104968],Williamson_ether_synthesis,False,[240],A1775a
66305,C=C(Br)COc1ccc(C(=O)CC)cc1Cl,LFFDOAUEQOYWAZ-UHFFFAOYSA-N,1,2,"{120416, 146542}",[],1,{1},[64271],"{65121, 64566}",[84902],Williamson_ether_synthesis,False,"[93, 240]",A1775a
89662,O=Cc1cc(Cl)c(OCCBr)c(Br)c1,VIJICCBUXCNQFM-UHFFFAOYSA-N,1,1,{153412},[],1,{1},[88056],"{88013, 87373}",[108651],Williamson_ether_synthesis,False,[241],A1775a
65303,C#CCCOc1ccc(C(=O)CC)cc1,UIXDKHFKLRITRK-UHFFFAOYSA-N,1,2,"{119209, 142121}",[],1,{1},[63273],"{64553, 65302}",[83811],Williamson_ether_synthesis,False,"[93, 240]",A1775a
107461,CN(C)C(=O)c1ccc2c(c1)CCN2C(=O)C(N)CCl,ANSPRMSKFAEKII-UHFFFAOYSA-N,1,2,"{181313, 181314}",[],1,{1},[106396],"{105900, 18700}",[126881],Amidation,False,[245],"A1776a, A1778a"
68702,C=C(Br)COc1ccc2c(c1)CCCCC2=O,MPNXBQXTGQPNLL-UHFFFAOYSA-N,1,1,{123424},[],1,{1},[66810],"{65104, 65121}",[87433],Williamson_ether_synthesis,False,[93],A1775a
104425,COCC(=O)N(N)c1ccc(C(N)=O)cc1,FQFBFSLDCXVGTL-UHFFFAOYSA-N,1,1,{174600},[],1,{1},[103382],"{99650, 62340}",[123868],Amidation,False,[243],A1776a
93283,C=C(Cl)C(=O)Nc1ccc(C(C)=O)cc1,DMEWEZIFTMEFDJ-UHFFFAOYSA-N,1,2,"{158794, 168322}",[],1,{1},[92394],"{93187, 283}",[112883],Amidation,False,"[242, 243]",A1776a
101899,C=C(Cl)C(=O)NNc1ccc(C(N)=O)cc1,LFTXTXDITMWXDD-UHFFFAOYSA-N,1,1,{170576},[],1,{1},[100857],"{99650, 283}",[121343],Amidation,False,[243],A1776a
82876,CC(=O)c1ccc(OCCCN)c(N)c1,YRQDZCKXZIGSRE-UHFFFAOYSA-N,1,1,{142333},[],1,{1},[80413],"{82251, 64991}",[101252],Williamson_ether_synthesis,False,[240],A1775a
101900,C=C(Cl)C(=O)N(N)c1ccc(C(N)=O)cc1,KUIRRMRGVHNZGG-UHFFFAOYSA-N,1,1,{170577},[],1,{1},[100858],"{99650, 283}",[121344],Amidation,False,[243],A1776a
65270,CC=CCOc1ccc2c(c1)CCC2=O,IDXYNZFOHIINLD-UHFFFAOYSA-N,1,2,"{142636, 119174}",[],1,{1},[63241],"{64585, 65269}",[83779],Williamson_ether_synthesis,False,"[93, 240]",A1775a
65154,CCC(=O)c1ccc(OCCC#N)cc1,XQDZYPLXSFLOTR-UHFFFAOYSA-N,1,2,"{142533, 119045}",[],1,{1},[63115],"{64553, 65153}",[83674],Williamson_ether_synthesis,False,"[93, 240]",A1775a
100883,NCC(=O)NNc1ccc(C(N)=O)cc1,GUQVGXYHFGZTSJ-UHFFFAOYSA-N,1,1,{168910},[],1,{1},[99841],"{18681, 99650}",[120327],Amidation,False,[243],A1776a
105072,NC(=O)c1ccc(NNC(=O)C2CNC2)cc1,ZSONKSMETZLGCR-UHFFFAOYSA-N,1,1,{176045},[],1,{1},[104030],"{99650, 71686}",[124515],Amidation,False,[243],A1776a
66380,COCCCOc1ccc2c(c1)CCC2=O,GYIZZRKRFWRSLL-UHFFFAOYSA-N,1,2,"{120489, 146626}",[],1,{1},[64353],"{64585, 66378}",[84963],Williamson_ether_synthesis,False,"[93, 240]",A1775a
82735,COCCCOc1ccc(C(C)=O)cc1,JNAGWYRPZQNUKW-UHFFFAOYSA-N,1,1,{142151},[],1,{1},[80272],"{66378, 82226}",[101091],Williamson_ether_synthesis,False,[240],A1775a
99640,O=Cc1ccc(NC(=O)CCl)cc1,HOQXRQQAQAEPFI-UHFFFAOYSA-N,1,1,{167361},[],1,{1},[98664],"{99613, 253}",[119151],Amidation,False,[243],A1776a
82730,CCCCOc1ccc(C(C)=O)cc1F,ZPZYLIDZIGMVKQ-UHFFFAOYSA-N,1,1,{142143},[],1,{1},[80267],"{64790, 82255}",[101086],Williamson_ether_synthesis,False,[240],A1775a
99664,CC(=O)NNc1ccc(C(N)=O)cc1,KLFBJGDVZVKVJN-UHFFFAOYSA-N,1,1,{167382},[],1,{1},[98683],"{99650, 71591}",[119170],Amidation,False,[243],A1776a
64791,CCCCOc1ccc(C(=O)CC)cc1,DGRPJRSRLYATME-UHFFFAOYSA-N,1,2,"{118688, 142142}",[],1,{1},[62756],"{64553, 64790}",[83321],Williamson_ether_synthesis,False,"[93, 240]",A1775a
62611,NC(=O)C1CCCN(C(=O)C2C=CCO2)C1,WHKYEQZZBOYBAZ-UHFFFAOYSA-N,1,4,"{111075, 111076, 111077, 111078}",[],1,{1},[60750],"{62610, 62341}",[81252],Amidation,False,[73],A0926a
105073,NC(=O)c1ccc(N(N)C(=O)C2CNC2)cc1,DPOMDYYCOPDDML-UHFFFAOYSA-N,1,1,{176046},[],1,{1},[104031],"{99650, 71686}",[124516],Amidation,False,[243],A1776a
18683,Cc1nn(C)c(C)c1CC(=O)NC(CNC(=O)C(N)=O)c1ccc2ccccc2c1,UKQAXVOZPWHQOX-UHFFFAOYSA-N,1,2,"{31136, 31137}",[],1,{1},[18051],"{18682, 3103}",[13120],Amidation,False,[139],A1346a
82861,C=C(CI)Oc1ccc(C(C)=O)cc1F,FZYYTGVVUIPDIH-UHFFFAOYSA-N,1,2,"{157001, 142308}",[],1,{1},[80398],"{65121, 82255}",[101236],Williamson_ether_synthesis,False,"[240, 241]",A1775a
105269,NC(=O)c1ccc(N(N)C(=O)C(N)CCl)cc1,HDTCNOYHWVJVMJ-UHFFFAOYSA-N,1,2,"{176437, 176438}",[],1,{1},[104227],"{99650, 18700}",[124712],Amidation,False,[243],A1776a
101136,NC(CCl)C(=O)Nc1ccc(C=O)cc1,YGIXHABEYZGTKQ-UHFFFAOYSA-N,1,2,"{169246, 169247}",[],1,{1},[100094],"{18700, 99613}",[120580],Amidation,False,[243],A1776a
65989,CCCCOc1ccc(C(=O)CC)cc1Cl,JDMSKNIUSWKSGI-UHFFFAOYSA-N,1,2,"{147701, 120070}",[],1,{1},[63951],"{64566, 64790}",[84488],Williamson_ether_synthesis,False,"[93, 240]",A1775a
100893,NCC(=O)N(N)c1ccc(C(N)=O)cc1,YIUFTQTYGAGVES-UHFFFAOYSA-N,1,1,{168923},[],1,{1},[99851],"{18681, 99650}",[120337],Amidation,False,[243],A1776a
86696,CC=CCOc1ccc(C(C)=O)cc1OC,GLAPISRDYBPISE-UHFFFAOYSA-N,1,1,{149050},[],1,{1},[84561],"{82617, 65269}",[105458],Williamson_ether_synthesis,False,[240],A1775a
104542,N#CCC(=O)NNc1ccc(C(N)=O)cc1,SBSRBSLTRNRFGV-UHFFFAOYSA-N,1,1,{174809},[],1,{1},[103500],"{99650, 45398}",[123985],Amidation,False,[243],A1776a
94118,CC(=O)c1ccc(NC(=O)C(N)CCl)cc1,XSYOCRFSZCGCDT-UHFFFAOYSA-N,1,4,"{171416, 171417, 159812, 159813}",[],1,{1},[93182],"{93187, 18700}",[113670],Amidation,False,"[242, 243]",A1776a
82716,C#CCCOc1ccc(C(C)=O)cc1F,GQSCEDRQSXOVIT-UHFFFAOYSA-N,1,1,{142127},[],1,{1},[80253],"{65302, 82255}",[101072],Williamson_ether_synthesis,False,[240],A1775a
99881,C=C(Cl)C(=O)Nc1ccc(C=O)cc1,WARPXUXEHZSECO-UHFFFAOYSA-N,1,1,{167586},[],1,{1},[98854],"{283, 99613}",[119340],Amidation,False,[243],A1776a
97944,CC(=O)c1cc(Cl)c(NC(=O)C(N)CCl)c(Cl)c1,BCBDPMJKEYVZNN-UHFFFAOYSA-N,1,2,"{165022, 165023}",[],1,{1},[96981],"{93321, 18700}",[117469],Amidation,False,[242],A1776a
93952,COCC(=O)Nc1ccc(C(C)=O)c(Cl)c1,BIOPRKYIIXEEOV-UHFFFAOYSA-N,1,2,"{174624, 159586}",[],1,{1},[93016],"{93217, 62340}",[113504],Amidation,False,"[242, 243]",A1776a
82727,CCCCOc1ccc(C(C)=O)cc1N,UIUWAYJATSMSTL-UHFFFAOYSA-N,1,1,{142139},[],1,{1},[80264],"{82251, 64790}",[101083],Williamson_ether_synthesis,False,[240],A1775a
96470,CC(=O)c1cc(Cl)c(NC(=O)C(N)=O)c(Cl)c1,OTJQDXVRPILMPQ-UHFFFAOYSA-N,1,1,{162917},[],1,{1},[95518],"{93321, 3103}",[116006],Amidation,False,[242],A1776a
82273,CCOc1ccc2c(c1)CCC2=O,FLMVKFTYGACBNH-UHFFFAOYSA-N,1,2,"{141613, 151062}",[],1,{1},[79814],"{64552, 64585}",[100388],Williamson_ether_synthesis,False,"[240, 241]",A1775a
64567,CCOc1ccc(C(=O)CC)cc1Cl,ZYHPIBXHGSZGKQ-UHFFFAOYSA-N,1,2,"{142032, 118494}",[],1,{1},[62572],"{64552, 64566}",[83073],Williamson_ether_synthesis,False,"[93, 240]",A1775a
93218,CC(=O)Nc1ccc(C(C)=O)c(Cl)c1,XUQMKUAJGHLWEP-UHFFFAOYSA-N,1,2,"{167401, 158725}",[],1,{1},[92332],"{93217, 71591}",[112821],Amidation,False,"[242, 243]",A1776a
96184,CC(=O)c1ccc(NC(=O)C(C)C#N)cc1Cl,FRFLXZMCYMXDDC-UHFFFAOYSA-N,1,2,"{162580, 162581}",[],1,{1},[95232],"{93217, 45412}",[115720],Amidation,False,[242],A1776a
100837,NC(=O)c1ccc(NNC(=O)CS)cc1,QLNGZBWXGBKKFQ-UHFFFAOYSA-N,1,1,{168846},[],1,{1},[99795],"{71601, 99650}",[120281],Amidation,False,[243],A1776a
100766,NC(=O)c1ccc(N(N)C(=O)CCl)cc1,NNHLYAVDXWUELO-UHFFFAOYSA-N,1,1,{168753},[],1,{1},[99724],"{99650, 253}",[120210],Amidation,False,[243],A1776a
94275,CC(=O)c1cc(Cl)c(NC(=O)CO)c(Cl)c1,ZUFDXWBDXIMABW-UHFFFAOYSA-N,1,1,{160025},[],1,{1},[93339],"{93321, 71606}",[113827],Amidation,False,[242],A1776a
84425,C=C(CI)Oc1cc(C(=O)CCl)ccc1O,GFMCYPYWPQAHLQ-UHFFFAOYSA-N,1,1,{144854},[],1,{1},[82892],"{65121, 71715}",[103033],Williamson_ether_synthesis,False,[240],A1775a
82923,CC=CCOc1ccc(C(C)=O)cc1F,WHFHUCFLTHYHRI-UHFFFAOYSA-N,1,1,{142393},[],1,{1},[80460],"{65269, 82255}",[101329],Williamson_ether_synthesis,False,[240],A1775a
63105,O=C1NCC2CCN(C(=O)C3CCCO3)CC12,SATZTWBVFPAGRT-UHFFFAOYSA-N,1,8,"{112788, 112789, 112790, 112791, 112792, 112793, 112794, 112795}",[],1,{1},[61174],"{62613, 62359}",[81676],Amidation,False,[73],A0926a
100836,NC(=O)c1ccc(N(N)C(=O)CS)cc1,GEMGCDSTWPDTNL-UHFFFAOYSA-N,1,1,{168845},[],1,{1},[99794],"{71601, 99650}",[120280],Amidation,False,[243],A1776a
86756,C#CCCOc1ccc(C(C)=O)cc1OC,DRTAGZUJVXDLPI-UHFFFAOYSA-N,1,1,{149165},[],1,{1},[84621],"{82617, 65302}",[105518],Williamson_ether_synthesis,False,[240],A1775a
101156,NC(=O)c1ccc(NNC(=O)CO)cc1,FVFUOBAUHQKYPP-UHFFFAOYSA-N,1,1,{169282},[],1,{1},[100114],"{99650, 71606}",[120600],Amidation,False,[243],A1776a
86522,N#CCCOc1cc(O)ccc1C(=O)CCl,MJMAPHDLFLOXJD-UHFFFAOYSA-N,1,1,{148726},[],1,{1},[84387],"{71712, 65153}",[105284],Williamson_ether_synthesis,False,[240],A1775a
66379,CCC(=O)c1ccc(OCCCOC)cc1,VHBPFCUOFQAYGZ-UHFFFAOYSA-N,1,2,"{120488, 146776}",[],1,{1},[64352],"{64553, 66378}",[84962],Williamson_ether_synthesis,False,"[93, 240]",A1775a
82232,CC(=O)c1ccc(OCCF)cc1,XBNORBDNHZAFON-UHFFFAOYSA-N,1,2,"{141585, 150709}",[],1,{1},[79788],"{64616, 82226}",[100338],Williamson_ether_synthesis,False,"[240, 241]",A1775a
99624,O=Cc1ccc(NC(=O)CO)cc1,HNFDWHVXJHQJBI-UHFFFAOYSA-N,1,1,{167350},[],1,{1},[98654],"{99613, 71606}",[119141],Amidation,False,[243],A1776a
86718,COc1cc(C(C)=O)ccc1OCCC#N,QBQUWKKTFCIVDR-UHFFFAOYSA-N,1,1,{149084},[],1,{1},[84583],"{65153, 82617}",[105480],Williamson_ether_synthesis,False,[240],A1775a
106976,COCC(=O)N1CCc2cc(C(=O)N(C)C)ccc21,SCXKNPMAZLSLSM-UHFFFAOYSA-N,1,1,{180504},[],1,{1},[105914],"{105900, 62340}",[126399],Amidation,False,[245],"A1776a, A1778a"
104543,N#CCC(=O)N(N)c1ccc(C(N)=O)cc1,WBOCLWGLVGLIAV-UHFFFAOYSA-N,1,1,{174810},[],1,{1},[103501],"{99650, 45398}",[123986],Amidation,False,[243],A1776a
84940,C=C(CI)Oc1ccc(C(C)=O)cc1OC,SVBBVZOTDOOUHE-UHFFFAOYSA-N,1,1,{146003},[],1,{1},[83004],"{65121, 82617}",[103700],Williamson_ether_synthesis,False,[240],A1775a
86504,CC=CCOc1cc(O)ccc1C(=O)CCl,XSGWQRWJZXRBGE-UHFFFAOYSA-N,1,1,{148697},[],1,{1},[84369],"{71712, 65269}",[105266],Williamson_ether_synthesis,False,[240],A1775a
93486,CC(=O)c1ccc(NC(=O)C(N)=O)cc1,QJLXASMDOHNPOL-UHFFFAOYSA-N,1,2,"{168091, 158999}",[],1,{1},[92575],"{93187, 3103}",[113063],Amidation,False,"[242, 243]",A1776a
83820,COc1cc(C(C)=O)ccc1OCCF,PFTZBLDJERAAEF-UHFFFAOYSA-N,1,1,{143761},[],1,{1},[81415],"{64616, 82617}",[102388],Williamson_ether_synthesis,False,[240],A1775a
93225,CC(=O)c1ccc(NC(=O)CO)cc1,ZLGXOIGFHQTJFD-UHFFFAOYSA-N,1,2,"{158729, 167620}",[],1,{1},[92336],"{93187, 71606}",[112825],Amidation,False,"[242, 243]",A1776a
67125,CC=CCOc1ccc(C(=O)CC)cc1Cl,HMLNSEKCFWROJB-UHFFFAOYSA-N,1,2,"{121475, 149220}",[],1,{1},[65128],"{65269, 64566}",[85703],Williamson_ether_synthesis,False,"[93, 240]",A1775a
94797,C=C(Cl)C(=O)Nc1c(Cl)cc(C(C)=O)cc1Cl,DCFHYCDXEDVHAN-UHFFFAOYSA-N,1,1,{160671},[],1,{1},[93861],"{93321, 283}",[114349],Amidation,False,[242],A1776a
83003,CC(=O)c1ccc(OCCC#N)c(F)c1,YLVWFFDLLIUZID-UHFFFAOYSA-N,1,1,{142528},[],1,{1},[80539],"{65153, 82255}",[101452],Williamson_ether_synthesis,False,[240],A1775a
65304,C#CCCOc1ccc2c(c1)CCC2=O,VRGYAGVGWCBZQO-UHFFFAOYSA-N,1,2,"{142168, 119210}",[],1,{1},[63274],"{64585, 65302}",[83812],Williamson_ether_synthesis,False,"[93, 240]",A1775a
91718,C=C(CI)Oc1c(Cl)cc(C=O)cc1Br,SCUGCDQUMJNZEW-UHFFFAOYSA-N,1,1,{156312},[],1,{1},[90327],"{65121, 88013}",[110978],Williamson_ether_synthesis,False,[241],A1775a
82652,C=C(Br)COc1ccc(C(C)=O)cc1,BDYQERBWLKZMQL-UHFFFAOYSA-N,1,2,"{152118, 142047}",[],1,{1},[80171],"{65121, 82226}",[100966],Williamson_ether_synthesis,False,"[240, 241]",A1775a
65637,C#CCCOc1ccc(C(=O)CC)cc1Cl,VJSAKTCBEOAPDE-UHFFFAOYSA-N,1,2,"{119634, 149045}",[],1,{1},[63603],"{64566, 65302}",[84140],Williamson_ether_synthesis,False,"[93, 240]",A1775a
99846,N#CCC(=O)Nc1ccc(C=O)cc1,ZFZKERKYEJXVKD-UHFFFAOYSA-N,1,1,{167545},[],1,{1},[98819],"{99613, 45398}",[119305],Amidation,False,[243],A1776a
97770,CC(=O)c1cc(Cl)c(NC(=O)C2CNC2)c(Cl)c1,BZNUCVYVKVCYRN-UHFFFAOYSA-N,1,1,{164764},[],1,{1},[96807],"{93321, 71686}",[117295],Amidation,False,[242],A1776a
93518,CC(=O)c1ccc(NC(=O)CO)cc1Cl,KFMLZTJZPGCEDH-UHFFFAOYSA-N,1,2,"{168608, 159036}",[],1,{1},[92607],"{93217, 71606}",[113095],Amidation,False,"[242, 243]",A1776a
65035,CCC(=O)c1ccc(OCCF)c(Cl)c1,RMHYOGPORBRAIA-UHFFFAOYSA-N,1,2,"{143764, 118935}",[],1,{1},[63018],"{64616, 64566}",[83591],Williamson_ether_synthesis,False,"[93, 240]",A1775a
99656,NC(=O)C(=O)Nc1ccc(C=O)cc1,TWEJREWGNGPHPS-UHFFFAOYSA-N,1,1,{167374},[],1,{1},[98677],"{99613, 3103}",[119164],Amidation,False,[243],A1776a
94413,C=C(Cl)C(=O)Nc1ccc(C(C)=O)c(Cl)c1,WXXOPIIJGMZRQY-UHFFFAOYSA-N,1,2,"{170629, 160206}",[],1,{1},[93477],"{93217, 283}",[113965],Amidation,False,"[242, 243]",A1776a
103491,NC(=O)C(=O)NNc1ccc(C(N)=O)cc1,OXNZLUFVBGSSOJ-UHFFFAOYSA-N,1,1,{173272},[],1,{1},[102449],"{99650, 3103}",[122935],Amidation,False,[243],A1776a
83005,CC(=O)c1ccc(OCCC#N)c(N)c1,ZOQKPIFQMCLGOP-UHFFFAOYSA-N,1,1,{142530},[],1,{1},[80541],"{65153, 82251}",[101454],Williamson_ether_synthesis,False,[240],A1775a
94423,CC(=O)c1cc(Cl)c(NC(=O)CS)c(Cl)c1,QFYHHAPVFZZCLN-UHFFFAOYSA-N,1,1,{160222},[],1,{1},[93487],"{71601, 93321}",[113975],Amidation,False,[242],A1776a
64993,NCCCOc1ccc2c(c1)CCC2=O,UVXOHAHAHIQJCK-UHFFFAOYSA-N,1,2,"{118896, 142718}",[],1,{1},[62973],"{64585, 64991}",[83548],Williamson_ether_synthesis,False,"[93, 240]",A1775a
85247,C=C(Br)COc1ccc(C(C)=O)cc1OC,PFSCASRROUBBOO-UHFFFAOYSA-N,1,1,{146556},[],1,{1},[83049],"{65121, 82617}",[104009],Williamson_ether_synthesis,False,[240],A1775a
70263,CC=CCOc1ccc2c(c1)CCCCC2=O,FBFOOAHCDZPXDT-UHFFFAOYSA-N,1,1,{125484},[],1,{1},[68483],"{65104, 65269}",[89054],Williamson_ether_synthesis,False,[93],A1775a
82651,CC(=O)c1ccc(OCCCN)cc1,NUABJPLWSGHEBM-UHFFFAOYSA-N,1,2,"{152001, 142046}",[],1,{1},[80170],"{82226, 64991}",[100964],Williamson_ether_synthesis,False,"[240, 241]",A1775a
67318,O=C1CCCCc2cc(OCCF)ccc21,RKWMGFJNNMNMEY-UHFFFAOYSA-N,1,1,{121687},[],1,{1},[65330],"{64616, 65104}",[85927],Williamson_ether_synthesis,False,[93],A1775a
97816,CC(=O)c1cc(Cl)c(NC(=O)C(C)C#N)c(Cl)c1,URQKYSHGVMBZRO-UHFFFAOYSA-N,1,2,"{164825, 164826}",[],1,{1},[96853],"{93321, 45412}",[117341],Amidation,False,[242],A1776a
94698,CC(=O)c1cc(Cl)c(NC(=O)CCl)c(Cl)c1,ZPTBBFFYYDJPDQ-UHFFFAOYSA-N,1,1,{160566},[],1,{1},[93762],"{93321, 253}",[114250],Amidation,False,[242],A1776a
89825,O=CCOc1c(Cl)cc(C=O)cc1Br,AIMAFLCFFWUUFG-UHFFFAOYSA-N,1,1,{153597},[],1,{1},[87918],"{87379, 88013}",[108837],Williamson_ether_synthesis,False,[241],A1775a
82416,CCCCOc1ccc(C(C)=O)cc1,YYLCJWIQUFHYMY-UHFFFAOYSA-N,1,2,"{141776, 153093}",[],1,{1},[79967],"{82226, 64790}",[100661],Williamson_ether_synthesis,False,"[240, 241]",A1775a
82857,CC(=O)c1ccc(OCCCN)c(F)c1,WNXCLNQPKGSVHP-UHFFFAOYSA-N,1,1,{142304},[],1,{1},[80394],"{82255, 64991}",[101231],Williamson_ether_synthesis,False,[240],A1775a
100440,CC(C#N)C(=O)Nc1ccc(C=O)cc1,NJLBVTQYWOTWQL-UHFFFAOYSA-N,1,2,"{168302, 168303}",[],1,{1},[99398],"{45412, 99613}",[119884],Amidation,False,[243],A1776a
82618,CCOc1ccc(C(C)=O)cc1OC,SAPLPINBKKAUOI-UHFFFAOYSA-N,1,1,{142017},[],1,{1},[80153],"{64552, 82617}",[100947],Williamson_ether_synthesis,False,[240],A1775a
65105,CCOc1ccc2c(c1)CCCCC2=O,ZTEZREHSTRFDJW-UHFFFAOYSA-N,1,1,{119004},[],1,{1},[63070],"{64552, 65104}",[83642],Williamson_ether_synthesis,False,[93],A1775a
82415,C#CCCOc1ccc(C(C)=O)cc1,DNPBHMIHBASKKP-UHFFFAOYSA-N,1,2,"{152015, 141775}",[],1,{1},[79957],"{82226, 65302}",[100659],Williamson_ether_synthesis,False,"[240, 241]",A1775a
70106,NCCCOc1ccc2c(c1)CCCCC2=O,PXWNPEYUDVBMRO-UHFFFAOYSA-N,1,1,{125290},[],1,{1},[68317],"{65104, 64991}",[88897],Williamson_ether_synthesis,False,[93],A1775a
62614,NC(=O)C1CCCN(C(=O)C2CCCO2)C1,WAAUJLRBGAYWQP-UHFFFAOYSA-N,1,4,"{111083, 111084, 111085, 111086}",[],1,{1},[60752],"{62341, 62613}",[81254],Amidation,False,[73],A0926a
82256,CCOc1ccc(C(C)=O)cc1F,DDSDHBVTRWVNDT-UHFFFAOYSA-N,1,2,"{141603, 151005}",[],1,{1},[79805],"{64552, 82255}",[100371],Williamson_ether_synthesis,False,"[240, 241]",A1775a
70609,C#CCCOc1ccc2c(c1)CCCCC2=O,IQRWIBUQPRPKGQ-UHFFFAOYSA-N,1,1,{125902},[],1,{1},[68829],"{65104, 65302}",[89400],Williamson_ether_synthesis,False,[93],A1775a
93589,CC(=O)c1ccc(NC(=O)C(N)=O)cc1Cl,SUCVUJQIHMMHML-UHFFFAOYSA-N,1,2,"{173290, 159111}",[],1,{1},[92675],"{93217, 3103}",[113163],Amidation,False,"[242, 243]",A1776a
107048,CN(C)C(=O)c1ccc2c(c1)CCN2C(=O)C(N)=O,IQNLCGSYPVVIOS-UHFFFAOYSA-N,1,1,{180623},[],1,{1},[105986],"{105900, 3103}",[126471],Amidation,False,[245],"A1776a, A1778a"
99880,COCC(=O)Nc1ccc(C=O)cc1,PZPYKIXOPOPDHD-UHFFFAOYSA-N,1,1,{167585},[],1,{1},[98853],"{62340, 99613}",[119339],Amidation,False,[243],A1776a
107058,CN(C)C(=O)c1ccc2c(c1)CCN2C(=O)CC#N,RRPSLDXSKZJFJZ-UHFFFAOYSA-N,1,1,{180637},[],1,{1},[105996],"{105900, 45398}",[126481],Amidation,False,[245],"A1776a, A1778a"
64792,CCCCOc1ccc2c(c1)CCC2=O,WZRMYAHHIGSNNQ-UHFFFAOYSA-N,1,2,"{118689, 142279}",[],1,{1},[62757],"{64585, 64790}",[83322],Williamson_ether_synthesis,False,"[93, 240]",A1775a
106543,C=C(Cl)C(=O)N1CCc2cc(C(=O)N(C)C)ccc21,IQSUCXVQKPRYKD-UHFFFAOYSA-N,1,1,{179732},[],1,{1},[105484],"{283, 105900}",[125969],Amidation,False,[245],"A1776a, A1778a"
82785,C=C(CI)Oc1ccc(C(C)=O)cc1N,PRFJKAFJDXKMLG-UHFFFAOYSA-N,1,2,"{142206, 156351}",[],1,{1},[80322],"{65121, 82251}",[101150],Williamson_ether_synthesis,False,"[240, 241]",A1775a
89895,O=Cc1cc(Cl)c(OCCCl)c(Br)c1,HPBLQBSGKQXYRP-UHFFFAOYSA-N,1,1,{153685},[],1,{1},[88055],"{88013, 87373}",[108907],Williamson_ether_synthesis,False,[241],A1775a
106424,CN(C)C(=O)c1ccc2c(c1)CCN2C(=O)CN,GQLGDQJNLKMEDX-UHFFFAOYSA-N,1,1,{179496},[],1,{1},[105365],"{18681, 105900}",[125850],Amidation,False,[245],"A1776a, A1778a"
105268,NC(=O)c1ccc(NNC(=O)C(N)CCl)cc1,CYAAORYQKODIHC-UHFFFAOYSA-N,1,2,"{176435, 176436}",[],1,{1},[104226],"{99650, 18700}",[124711],Amidation,False,[243],A1776a
106301,CN(C)C(=O)c1ccc2c(c1)CCN2C(=O)CS,JIDMTJMEFFYGFH-UHFFFAOYSA-N,1,1,{179302},[],1,{1},[105244],"{71601, 105900}",[125729],Amidation,False,[245],"A1776a, A1778a"
101152,O=Cc1ccc(NC(=O)C2CNC2)cc1,BGPOOUMMVZFVIR-UHFFFAOYSA-N,1,1,{169274},[],1,{1},[100110],"{99613, 71686}",[120596],Amidation,False,[243],A1776a
67789,C=C(CI)Oc1ccc2c(c1)CCCCC2=O,NNHVJICKBQAWMO-UHFFFAOYSA-N,1,1,{122233},[],1,{1},[66811],"{65104, 65121}",[86418],Williamson_ether_synthesis,False,[93],A1775a
99651,CC(=O)N(N)c1ccc(C(N)=O)cc1,CGJJSDDPEALLTP-UHFFFAOYSA-N,1,1,{167370},[],1,{1},[98673],"{99650, 71591}",[119160],Amidation,False,[243],A1776a
85498,COCCCOc1ccc(C(C)=O)cc1N,UCDRZDXERYGANW-UHFFFAOYSA-N,1,1,{146923},[],1,{1},[83308],"{66378, 82251}",[104260],Williamson_ether_synthesis,False,[240],A1775a
69827,CCCCOc1ccc2c(c1)CCCCC2=O,USMAETIWTSUFLG-UHFFFAOYSA-N,1,1,{124892},[],1,{1},[68019],"{65104, 64790}",[88608],Williamson_ether_synthesis,False,[93],A1775a
94891,CC(=O)c1cc(Cl)c(NC(=O)CC#N)c(Cl)c1,VCGKZOKPWSQKEF-UHFFFAOYSA-N,1,1,{160783},[],1,{1},[93955],"{93321, 45398}",[114443],Amidation,False,[242],A1776a
93422,CC(=O)c1ccc(NC(=O)CCl)cc1Cl,AUSLZMDXWKAFSR-UHFFFAOYSA-N,1,2,"{168776, 158925}",[],1,{1},[92511],"{93217, 253}",[112999],Amidation,False,"[242, 243]",A1776a
104415,COCC(=O)NNc1ccc(C(N)=O)cc1,IQHMMJMHTJVWIS-UHFFFAOYSA-N,1,1,{174587},[],1,{1},[103372],"{99650, 62340}",[123858],Amidation,False,[243],A1776a
68874,CCC(=O)c1ccc(OCCCOC)c(Cl)c1,PSPXCHCWXHFSMV-UHFFFAOYSA-N,1,1,{123665},[],1,{1},[66991],"{66378, 64566}",[87605],Williamson_ether_synthesis,False,[93],A1775a
82924,CC=CCOc1ccc(C(C)=O)cc1N,WDAMNWLBOSZNFX-UHFFFAOYSA-N,1,1,{142394},[],1,{1},[80461],"{82251, 65269}",[101330],Williamson_ether_synthesis,False,[240],A1775a
86506,CC=CCOc1cc(C(=O)CCl)ccc1O,PGHHMPFNTAJPPV-UHFFFAOYSA-N,1,1,{148700},[],1,{1},[84371],"{71715, 65269}",[105268],Williamson_ether_synthesis,False,[240],A1775a
101155,NC(=O)c1ccc(N(N)C(=O)CO)cc1,ZKBATALDCCJIPH-UHFFFAOYSA-N,1,1,{169281},[],1,{1},[100113],"{99650, 71606}",[120599],Amidation,False,[243],A1776a
82412,CC(=O)c1ccc(OCCC#N)cc1,LLINVKTVVFKUON-UHFFFAOYSA-N,1,2,"{153250, 141771}",[],1,{1},[79954],"{65153, 82226}",[100655],Williamson_ether_synthesis,False,"[240, 241]",A1775a
95547,COCC(=O)Nc1c(Cl)cc(C(C)=O)cc1Cl,JDBOZTWZTXPHSJ-UHFFFAOYSA-N,1,1,{161662},[],1,{1},[94595],"{93321, 62340}",[115083],Amidation,False,[242],A1776a
94670,CC(=O)c1cc(Cl)c(NC(=O)CN)c(Cl)c1,YKBDFLSOOOLRSO-UHFFFAOYSA-N,1,1,{160538},[],1,{1},[93734],"{18681, 93321}",[114222],Amidation,False,[242],A1776a
100767,NC(=O)c1ccc(NNC(=O)CCl)cc1,NWZXEKIZZVJCHN-UHFFFAOYSA-N,1,1,{168754},[],1,{1},[99725],"{99650, 253}",[120211],Amidation,False,[243],A1776a
82824,CC(=O)c1ccc(OCCC(=O)O)cc1,JQVGZRZJTCMBDQ-UHFFFAOYSA-N,1,1,{142256},[],1,{1},[80361],"{82226, 66341}",[101197],Williamson_ether_synthesis,False,[240],A1775a
